proj_name,exptid,label,checkpoint,repeat,json_path,csv_path,success_rate,mean_mxd,mean_normalized_waypoints,fall_rate,stuck_rate,mean_edge_violation,mean_heading_loss
parkour_new,02-new-terrain-distill,parkour_new/02-new-terrain-distill,2400,0,/home/zhangmingming/extreme-parkour-distill-nodelay/legged_gym/logs/sweep_evaluation/20260612_150259/parkour_new/02-new-terrain-distill/checkpoint_2400/repeat_0/depth_effective_2400.json,/home/zhangmingming/extreme-parkour-distill-nodelay/legged_gym/logs/sweep_evaluation/20260612_150259/parkour_new/02-new-terrain-distill/checkpoint_2400/repeat_0/depth_effective_2400.csv,0.7103174603174603,9.540199563853324,0.8234126984126984,0.2857142857142857,0.003968253968253968,0.08497746732057876,
parkour_new,02-new-terrain-distill,parkour_new/02-new-terrain-distill,2400,1,/home/zhangmingming/extreme-parkour-distill-nodelay/legged_gym/logs/sweep_evaluation/20260612_150259/parkour_new/02-new-terrain-distill/checkpoint_2400/repeat_1/depth_effective_2400.json,/home/zhangmingming/extreme-parkour-distill-nodelay/legged_gym/logs/sweep_evaluation/20260612_150259/parkour_new/02-new-terrain-distill/checkpoint_2400/repeat_1/depth_effective_2400.csv,0.7103174603174603,9.21582235159382,0.8263888888888888,0.2896825396825397,0.0,0.08742153442962035,
parkour_new,02-new-terrain-distill,parkour_new/02-new-terrain-distill,2400,2,/home/zhangmingming/extreme-parkour-distill-nodelay/legged_gym/logs/sweep_evaluation/20260612_150259/parkour_new/02-new-terrain-distill/checkpoint_2400/repeat_2/depth_effective_2400.json,/home/zhangmingming/extreme-parkour-distill-nodelay/legged_gym/logs/sweep_evaluation/20260612_150259/parkour_new/02-new-terrain-distill/checkpoint_2400/repeat_2/depth_effective_2400.csv,0.7222222222222222,9.140207172622757,0.8125,0.27380952380952384,0.003968253968253968,0.0909389531503862,
parkour_new,02-new-terrain-distill,parkour_new/02-new-terrain-distill,2400,3,/home/zhangmingming/extreme-parkour-distill-nodelay/legged_gym/logs/sweep_evaluation/20260612_150259/parkour_new/02-new-terrain-distill/checkpoint_2400/repeat_3/depth_effective_2400.json,/home/zhangmingming/extreme-parkour-distill-nodelay/legged_gym/logs/sweep_evaluation/20260612_150259/parkour_new/02-new-terrain-distill/checkpoint_2400/repeat_3/depth_effective_2400.csv,0.7261904761904762,9.58693121539222,0.8348214285714286,0.25793650793650796,0.015873015873015872,0.08816678305093045,
parkour_new,02-new-terrain-distill,parkour_new/02-new-terrain-distill,2400,4,/home/zhangmingming/extreme-parkour-distill-nodelay/legged_gym/logs/sweep_evaluation/20260612_150259/parkour_new/02-new-terrain-distill/checkpoint_2400/repeat_4/depth_effective_2400.json,/home/zhangmingming/extreme-parkour-distill-nodelay/legged_gym/logs/sweep_evaluation/20260612_150259/parkour_new/02-new-terrain-distill/checkpoint_2400/repeat_4/depth_effective_2400.csv,0.7341269841269841,9.225817647954774,0.8293650793650794,0.2619047619047619,0.003968253968253968,0.09285351321758785,
parkour_new,02-new-terrain-distill,parkour_new/02-new-terrain-distill,2400,5,/home/zhangmingming/extreme-parkour-distill-nodelay/legged_gym/logs/sweep_evaluation/20260612_150259/parkour_new/02-new-terrain-distill/checkpoint_2400/repeat_5/depth_effective_2400.json,/home/zhangmingming/extreme-parkour-distill-nodelay/legged_gym/logs/sweep_evaluation/20260612_150259/parkour_new/02-new-terrain-distill/checkpoint_2400/repeat_5/depth_effective_2400.csv,0.7222222222222222,9.324984352030452,0.816468253968254,0.2698412698412698,0.007936507936507936,0.08002745289932195,
parkour_new,02-new-terrain-distill,parkour_new/02-new-terrain-distill,2400,6,/home/zhangmingming/extreme-parkour-distill-nodelay/legged_gym/logs/sweep_evaluation/20260612_150259/parkour_new/02-new-terrain-distill/checkpoint_2400/repeat_6/depth_effective_2400.json,/home/zhangmingming/extreme-parkour-distill-nodelay/legged_gym/logs/sweep_evaluation/20260612_150259/parkour_new/02-new-terrain-distill/checkpoint_2400/repeat_6/depth_effective_2400.csv,0.75,9.460596939164494,0.8343253968253969,0.24603174603174602,0.003968253968253968,0.08747478702488744,
parkour_new,02-new-terrain-distill,parkour_new/02-new-terrain-distill,2800,0,/home/zhangmingming/extreme-parkour-distill-nodelay/legged_gym/logs/sweep_evaluation/20260612_150259/parkour_new/02-new-terrain-distill/checkpoint_2800/repeat_0/depth_effective_2800.json,/home/zhangmingming/extreme-parkour-distill-nodelay/legged_gym/logs/sweep_evaluation/20260612_150259/parkour_new/02-new-terrain-distill/checkpoint_2800/repeat_0/depth_effective_2800.csv,0.5753968253968254,8.12182261735674,0.7073412698412699,0.3373015873015873,0.07936507936507936,0.08228490744965801,
parkour_new,02-new-terrain-distill,parkour_new/02-new-terrain-distill,2800,1,/home/zhangmingming/extreme-parkour-distill-nodelay/legged_gym/logs/sweep_evaluation/20260612_150259/parkour_new/02-new-terrain-distill/checkpoint_2800/repeat_1/depth_effective_2800.json,/home/zhangmingming/extreme-parkour-distill-nodelay/legged_gym/logs/sweep_evaluation/20260612_150259/parkour_new/02-new-terrain-distill/checkpoint_2800/repeat_1/depth_effective_2800.csv,0.5476190476190477,7.635901986843064,0.6760912698412699,0.3333333333333333,0.11507936507936507,0.09029308819906225,
parkour_new,02-new-terrain-distill,parkour_new/02-new-terrain-distill,2800,2,/home/zhangmingming/extreme-parkour-distill-nodelay/legged_gym/logs/sweep_evaluation/20260612_150259/parkour_new/02-new-terrain-distill/checkpoint_2800/repeat_2/depth_effective_2800.json,/home/zhangmingming/extreme-parkour-distill-nodelay/legged_gym/logs/sweep_evaluation/20260612_150259/parkour_new/02-new-terrain-distill/checkpoint_2800/repeat_2/depth_effective_2800.csv,0.6428571428571429,8.290882630244134,0.7415674603174603,0.27380952380952384,0.07936507936507936,0.08372203590415257,
parkour_new,02-new-terrain-distill,parkour_new/02-new-terrain-distill,2800,3,/home/zhangmingming/extreme-parkour-distill-nodelay/legged_gym/logs/sweep_evaluation/20260612_150259/parkour_new/02-new-terrain-distill/checkpoint_2800/repeat_3/depth_effective_2800.json,/home/zhangmingming/extreme-parkour-distill-nodelay/legged_gym/logs/sweep_evaluation/20260612_150259/parkour_new/02-new-terrain-distill/checkpoint_2800/repeat_3/depth_effective_2800.csv,0.6071428571428571,8.313437121491583,0.7127976190476191,0.2857142857142857,0.10714285714285714,0.09554841633323316,
parkour_new,02-new-terrain-distill,parkour_new/02-new-terrain-distill,2800,4,/home/zhangmingming/extreme-parkour-distill-nodelay/legged_gym/logs/sweep_evaluation/20260612_150259/parkour_new/02-new-terrain-distill/checkpoint_2800/repeat_4/depth_effective_2800.json,/home/zhangmingming/extreme-parkour-distill-nodelay/legged_gym/logs/sweep_evaluation/20260612_150259/parkour_new/02-new-terrain-distill/checkpoint_2800/repeat_4/depth_effective_2800.csv,0.6349206349206349,8.477351217279358,0.7495039682539683,0.28174603174603174,0.07539682539682539,0.09585858970261542,
parkour_new,02-new-terrain-distill,parkour_new/02-new-terrain-distill,2800,5,/home/zhangmingming/extreme-parkour-distill-nodelay/legged_gym/logs/sweep_evaluation/20260612_150259/parkour_new/02-new-terrain-distill/checkpoint_2800/repeat_5/depth_effective_2800.json,/home/zhangmingming/extreme-parkour-distill-nodelay/legged_gym/logs/sweep_evaluation/20260612_150259/parkour_new/02-new-terrain-distill/checkpoint_2800/repeat_5/depth_effective_2800.csv,0.6309523809523809,8.562834421557094,0.7351190476190477,0.3055555555555556,0.05952380952380952,0.09316500023126714,
parkour_new,02-new-terrain-distill,parkour_new/02-new-terrain-distill,2800,6,/home/zhangmingming/extreme-parkour-distill-nodelay/legged_gym/logs/sweep_evaluation/20260612_150259/parkour_new/02-new-terrain-distill/checkpoint_2800/repeat_6/depth_effective_2800.json,/home/zhangmingming/extreme-parkour-distill-nodelay/legged_gym/logs/sweep_evaluation/20260612_150259/parkour_new/02-new-terrain-distill/checkpoint_2800/repeat_6/depth_effective_2800.csv,0.5793650793650794,8.035891771316528,0.7018849206349206,0.2976190476190476,0.1111111111111111,0.0785649736340956,
parkour_new,02-new-terrain-distill,parkour_new/02-new-terrain-distill,3200,0,/home/zhangmingming/extreme-parkour-distill-nodelay/legged_gym/logs/sweep_evaluation/20260612_150259/parkour_new/02-new-terrain-distill/checkpoint_3200/repeat_0/depth_effective_3200.json,/home/zhangmingming/extreme-parkour-distill-nodelay/legged_gym/logs/sweep_evaluation/20260612_150259/parkour_new/02-new-terrain-distill/checkpoint_3200/repeat_0/depth_effective_3200.csv,0.7619047619047619,9.965115299537068,0.8492063492063492,0.21825396825396826,0.01984126984126984,0.08014726056776347,
parkour_new,02-new-terrain-distill,parkour_new/02-new-terrain-distill,3200,1,/home/zhangmingming/extreme-parkour-distill-nodelay/legged_gym/logs/sweep_evaluation/20260612_150259/parkour_new/02-new-terrain-distill/checkpoint_3200/repeat_1/depth_effective_3200.json,/home/zhangmingming/extreme-parkour-distill-nodelay/legged_gym/logs/sweep_evaluation/20260612_150259/parkour_new/02-new-terrain-distill/checkpoint_3200/repeat_1/depth_effective_3200.csv,0.75,9.742394342545479,0.8625992063492064,0.23412698412698413,0.015873015873015872,0.07623004847398458,
parkour_new,02-new-terrain-distill,parkour_new/02-new-terrain-distill,3200,2,/home/zhangmingming/extreme-parkour-distill-nodelay/legged_gym/logs/sweep_evaluation/20260612_150259/parkour_new/02-new-terrain-distill/checkpoint_3200/repeat_2/depth_effective_3200.json,/home/zhangmingming/extreme-parkour-distill-nodelay/legged_gym/logs/sweep_evaluation/20260612_150259/parkour_new/02-new-terrain-distill/checkpoint_3200/repeat_2/depth_effective_3200.csv,0.7420634920634921,9.419521859004384,0.8392857142857143,0.25,0.007936507936507936,0.08840081688839811,
parkour_new,02-new-terrain-distill,parkour_new/02-new-terrain-distill,3200,3,/home/zhangmingming/extreme-parkour-distill-nodelay/legged_gym/logs/sweep_evaluation/20260612_150259/parkour_new/02-new-terrain-distill/checkpoint_3200/repeat_3/depth_effective_3200.json,/home/zhangmingming/extreme-parkour-distill-nodelay/legged_gym/logs/sweep_evaluation/20260612_150259/parkour_new/02-new-terrain-distill/checkpoint_3200/repeat_3/depth_effective_3200.csv,0.753968253968254,9.869483246216697,0.8492063492063492,0.23412698412698413,0.011904761904761904,0.08472823218866471,
parkour_new,02-new-terrain-distill,parkour_new/02-new-terrain-distill,3200,4,/home/zhangmingming/extreme-parkour-distill-nodelay/legged_gym/logs/sweep_evaluation/20260612_150259/parkour_new/02-new-terrain-distill/checkpoint_3200/repeat_4/depth_effective_3200.json,/home/zhangmingming/extreme-parkour-distill-nodelay/legged_gym/logs/sweep_evaluation/20260612_150259/parkour_new/02-new-terrain-distill/checkpoint_3200/repeat_4/depth_effective_3200.csv,0.7857142857142857,9.935062558878036,0.8665674603174603,0.1984126984126984,0.015873015873015872,0.08926914412577958,
parkour_new,02-new-terrain-distill,parkour_new/02-new-terrain-distill,3200,5,/home/zhangmingming/extreme-parkour-distill-nodelay/legged_gym/logs/sweep_evaluation/20260612_150259/parkour_new/02-new-terrain-distill/checkpoint_3200/repeat_5/depth_effective_3200.json,/home/zhangmingming/extreme-parkour-distill-nodelay/legged_gym/logs/sweep_evaluation/20260612_150259/parkour_new/02-new-terrain-distill/checkpoint_3200/repeat_5/depth_effective_3200.csv,0.7341269841269841,9.5904184972483,0.8303571428571429,0.25793650793650796,0.007936507936507936,0.07921674681603663,
parkour_new,02-new-terrain-distill,parkour_new/02-new-terrain-distill,3200,6,/home/zhangmingming/extreme-parkour-distill-nodelay/legged_gym/logs/sweep_evaluation/20260612_150259/parkour_new/02-new-terrain-distill/checkpoint_3200/repeat_6/depth_effective_3200.json,/home/zhangmingming/extreme-parkour-distill-nodelay/legged_gym/logs/sweep_evaluation/20260612_150259/parkour_new/02-new-terrain-distill/checkpoint_3200/repeat_6/depth_effective_3200.csv,0.7777777777777778,9.87130954270325,0.8571428571428571,0.20238095238095238,0.01984126984126984,0.07619768223529728,
parkour_new,02-new-terrain-distill,parkour_new/02-new-terrain-distill,3600,0,/home/zhangmingming/extreme-parkour-distill-nodelay/legged_gym/logs/sweep_evaluation/20260612_150259/parkour_new/02-new-terrain-distill/checkpoint_3600/repeat_0/depth_effective_3600.json,/home/zhangmingming/extreme-parkour-distill-nodelay/legged_gym/logs/sweep_evaluation/20260612_150259/parkour_new/02-new-terrain-distill/checkpoint_3600/repeat_0/depth_effective_3600.csv,0.7142857142857143,9.623155497369313,0.8253968253968254,0.24206349206349206,0.04365079365079365,0.10511932246040481,
parkour_new,02-new-terrain-distill,parkour_new/02-new-terrain-distill,3600,1,/home/zhangmingming/extreme-parkour-distill-nodelay/legged_gym/logs/sweep_evaluation/20260612_150259/parkour_new/02-new-terrain-distill/checkpoint_3600/repeat_1/depth_effective_3600.json,/home/zhangmingming/extreme-parkour-distill-nodelay/legged_gym/logs/sweep_evaluation/20260612_150259/parkour_new/02-new-terrain-distill/checkpoint_3600/repeat_1/depth_effective_3600.csv,0.7261904761904762,9.602798670293792,0.8497023809523809,0.25,0.023809523809523808,0.0897665655174803,
parkour_new,02-new-terrain-distill,parkour_new/02-new-terrain-distill,3600,2,/home/zhangmingming/extreme-parkour-distill-nodelay/legged_gym/logs/sweep_evaluation/20260612_150259/parkour_new/02-new-terrain-distill/checkpoint_3600/repeat_2/depth_effective_3600.json,/home/zhangmingming/extreme-parkour-distill-nodelay/legged_gym/logs/sweep_evaluation/20260612_150259/parkour_new/02-new-terrain-distill/checkpoint_3600/repeat_2/depth_effective_3600.csv,0.7341269841269841,9.328957177816875,0.8288690476190477,0.24603174603174602,0.01984126984126984,0.09780303970862463,
parkour_new,02-new-terrain-distill,parkour_new/02-new-terrain-distill,3600,3,/home/zhangmingming/extreme-parkour-distill-nodelay/legged_gym/logs/sweep_evaluation/20260612_150259/parkour_new/02-new-terrain-distill/checkpoint_3600/repeat_3/depth_effective_3600.json,/home/zhangmingming/extreme-parkour-distill-nodelay/legged_gym/logs/sweep_evaluation/20260612_150259/parkour_new/02-new-terrain-distill/checkpoint_3600/repeat_3/depth_effective_3600.csv,0.7579365079365079,9.932716771250679,0.8586309523809523,0.23412698412698413,0.007936507936507936,0.10318459286370953,
parkour_new,02-new-terrain-distill,parkour_new/02-new-terrain-distill,3600,4,/home/zhangmingming/extreme-parkour-distill-nodelay/legged_gym/logs/sweep_evaluation/20260612_150259/parkour_new/02-new-terrain-distill/checkpoint_3600/repeat_4/depth_effective_3600.json,/home/zhangmingming/extreme-parkour-distill-nodelay/legged_gym/logs/sweep_evaluation/20260612_150259/parkour_new/02-new-terrain-distill/checkpoint_3600/repeat_4/depth_effective_3600.csv,0.746031746031746,9.601334042728894,0.847718253968254,0.23015873015873015,0.023809523809523808,0.10234585846294814,
parkour_new,02-new-terrain-distill,parkour_new/02-new-terrain-distill,3600,5,/home/zhangmingming/extreme-parkour-distill-nodelay/legged_gym/logs/sweep_evaluation/20260612_150259/parkour_new/02-new-terrain-distill/checkpoint_3600/repeat_5/depth_effective_3600.json,/home/zhangmingming/extreme-parkour-distill-nodelay/legged_gym/logs/sweep_evaluation/20260612_150259/parkour_new/02-new-terrain-distill/checkpoint_3600/repeat_5/depth_effective_3600.csv,0.7182539682539683,9.501807491694178,0.8224206349206349,0.25,0.031746031746031744,0.08622129993622643,
parkour_new,02-new-terrain-distill,parkour_new/02-new-terrain-distill,3600,6,/home/zhangmingming/extreme-parkour-distill-nodelay/legged_gym/logs/sweep_evaluation/20260612_150259/parkour_new/02-new-terrain-distill/checkpoint_3600/repeat_6/depth_effective_3600.json,/home/zhangmingming/extreme-parkour-distill-nodelay/legged_gym/logs/sweep_evaluation/20260612_150259/parkour_new/02-new-terrain-distill/checkpoint_3600/repeat_6/depth_effective_3600.csv,0.7142857142857143,9.490964749739284,0.8263888888888888,0.23809523809523808,0.047619047619047616,0.09678962259428951,
parkour_new,02-new-terrain-distill,parkour_new/02-new-terrain-distill,4000,0,/home/zhangmingming/extreme-parkour-distill-nodelay/legged_gym/logs/sweep_evaluation/20260612_150259/parkour_new/02-new-terrain-distill/checkpoint_4000/repeat_0/depth_effective_4000.json,/home/zhangmingming/extreme-parkour-distill-nodelay/legged_gym/logs/sweep_evaluation/20260612_150259/parkour_new/02-new-terrain-distill/checkpoint_4000/repeat_0/depth_effective_4000.csv,0.5753968253968254,8.543620284824144,0.7296626984126984,0.373015873015873,0.051587301587301584,0.08613326800564605,
parkour_new,02-new-terrain-distill,parkour_new/02-new-terrain-distill,4000,1,/home/zhangmingming/extreme-parkour-distill-nodelay/legged_gym/logs/sweep_evaluation/20260612_150259/parkour_new/02-new-terrain-distill/checkpoint_4000/repeat_1/depth_effective_4000.json,/home/zhangmingming/extreme-parkour-distill-nodelay/legged_gym/logs/sweep_evaluation/20260612_150259/parkour_new/02-new-terrain-distill/checkpoint_4000/repeat_1/depth_effective_4000.csv,0.6031746031746031,8.292114813412939,0.7331349206349206,0.36507936507936506,0.031746031746031744,0.08475044326683459,
parkour_new,02-new-terrain-distill,parkour_new/02-new-terrain-distill,4000,2,/home/zhangmingming/extreme-parkour-distill-nodelay/legged_gym/logs/sweep_evaluation/20260612_150259/parkour_new/02-new-terrain-distill/checkpoint_4000/repeat_2/depth_effective_4000.json,/home/zhangmingming/extreme-parkour-distill-nodelay/legged_gym/logs/sweep_evaluation/20260612_150259/parkour_new/02-new-terrain-distill/checkpoint_4000/repeat_2/depth_effective_4000.csv,0.6587301587301587,8.903975652560355,0.777281746031746,0.3134920634920635,0.023809523809523808,0.09020374121864753,
parkour_new,02-new-terrain-distill,parkour_new/02-new-terrain-distill,4000,3,/home/zhangmingming/extreme-parkour-distill-nodelay/legged_gym/logs/sweep_evaluation/20260612_150259/parkour_new/02-new-terrain-distill/checkpoint_4000/repeat_3/depth_effective_4000.json,/home/zhangmingming/extreme-parkour-distill-nodelay/legged_gym/logs/sweep_evaluation/20260612_150259/parkour_new/02-new-terrain-distill/checkpoint_4000/repeat_3/depth_effective_4000.csv,0.6111111111111112,8.751553669098824,0.7485119047619048,0.3611111111111111,0.027777777777777776,0.08742332451405029,
parkour_new,02-new-terrain-distill,parkour_new/02-new-terrain-distill,4000,4,/home/zhangmingming/extreme-parkour-distill-nodelay/legged_gym/logs/sweep_evaluation/20260612_150259/parkour_new/02-new-terrain-distill/checkpoint_4000/repeat_4/depth_effective_4000.json,/home/zhangmingming/extreme-parkour-distill-nodelay/legged_gym/logs/sweep_evaluation/20260612_150259/parkour_new/02-new-terrain-distill/checkpoint_4000/repeat_4/depth_effective_4000.csv,0.6746031746031746,9.109400412866048,0.8040674603174603,0.2976190476190476,0.023809523809523808,0.09038083605521645,
parkour_new,02-new-terrain-distill,parkour_new/02-new-terrain-distill,4000,5,/home/zhangmingming/extreme-parkour-distill-nodelay/legged_gym/logs/sweep_evaluation/20260612_150259/parkour_new/02-new-terrain-distill/checkpoint_4000/repeat_5/depth_effective_4000.json,/home/zhangmingming/extreme-parkour-distill-nodelay/legged_gym/logs/sweep_evaluation/20260612_150259/parkour_new/02-new-terrain-distill/checkpoint_4000/repeat_5/depth_effective_4000.csv,0.6746031746031746,9.11157676577568,0.7911706349206349,0.30952380952380953,0.015873015873015872,0.08998047012981794,
parkour_new,02-new-terrain-distill,parkour_new/02-new-terrain-distill,4000,6,/home/zhangmingming/extreme-parkour-distill-nodelay/legged_gym/logs/sweep_evaluation/20260612_150259/parkour_new/02-new-terrain-distill/checkpoint_4000/repeat_6/depth_effective_4000.json,/home/zhangmingming/extreme-parkour-distill-nodelay/legged_gym/logs/sweep_evaluation/20260612_150259/parkour_new/02-new-terrain-distill/checkpoint_4000/repeat_6/depth_effective_4000.csv,0.746031746031746,9.490706792426488,0.8283730158730159,0.23809523809523808,0.015873015873015872,0.09284455144245721,
parkour_new,02-new-terrain-distill,parkour_new/02-new-terrain-distill,4400,0,/home/zhangmingming/extreme-parkour-distill-nodelay/legged_gym/logs/sweep_evaluation/20260612_150259/parkour_new/02-new-terrain-distill/checkpoint_4400/repeat_0/depth_effective_4400.json,/home/zhangmingming/extreme-parkour-distill-nodelay/legged_gym/logs/sweep_evaluation/20260612_150259/parkour_new/02-new-terrain-distill/checkpoint_4400/repeat_0/depth_effective_4400.csv,0.7063492063492064,9.513537935084766,0.8120039682539683,0.2698412698412698,0.023809523809523808,0.08975066390568141,
parkour_new,02-new-terrain-distill,parkour_new/02-new-terrain-distill,4400,1,/home/zhangmingming/extreme-parkour-distill-nodelay/legged_gym/logs/sweep_evaluation/20260612_150259/parkour_new/02-new-terrain-distill/checkpoint_4400/repeat_1/depth_effective_4400.json,/home/zhangmingming/extreme-parkour-distill-nodelay/legged_gym/logs/sweep_evaluation/20260612_150259/parkour_new/02-new-terrain-distill/checkpoint_4400/repeat_1/depth_effective_4400.csv,0.7103174603174603,9.384595166596155,0.8293650793650794,0.2698412698412698,0.01984126984126984,0.08891287383163468,
parkour_new,02-new-terrain-distill,parkour_new/02-new-terrain-distill,4400,2,/home/zhangmingming/extreme-parkour-distill-nodelay/legged_gym/logs/sweep_evaluation/20260612_150259/parkour_new/02-new-terrain-distill/checkpoint_4400/repeat_2/depth_effective_4400.json,/home/zhangmingming/extreme-parkour-distill-nodelay/legged_gym/logs/sweep_evaluation/20260612_150259/parkour_new/02-new-terrain-distill/checkpoint_4400/repeat_2/depth_effective_4400.csv,0.7301587301587301,9.197880532533404,0.8253968253968254,0.25793650793650796,0.011904761904761904,0.0925035079268863,
parkour_new,02-new-terrain-distill,parkour_new/02-new-terrain-distill,4400,3,/home/zhangmingming/extreme-parkour-distill-nodelay/legged_gym/logs/sweep_evaluation/20260612_150259/parkour_new/02-new-terrain-distill/checkpoint_4400/repeat_3/depth_effective_4400.json,/home/zhangmingming/extreme-parkour-distill-nodelay/legged_gym/logs/sweep_evaluation/20260612_150259/parkour_new/02-new-terrain-distill/checkpoint_4400/repeat_3/depth_effective_4400.csv,0.7579365079365079,9.956167895642539,0.8611111111111112,0.2222222222222222,0.01984126984126984,0.09202688168443916,
parkour_new,02-new-terrain-distill,parkour_new/02-new-terrain-distill,4400,4,/home/zhangmingming/extreme-parkour-distill-nodelay/legged_gym/logs/sweep_evaluation/20260612_150259/parkour_new/02-new-terrain-distill/checkpoint_4400/repeat_4/depth_effective_4400.json,/home/zhangmingming/extreme-parkour-distill-nodelay/legged_gym/logs/sweep_evaluation/20260612_150259/parkour_new/02-new-terrain-distill/checkpoint_4400/repeat_4/depth_effective_4400.csv,0.7341269841269841,9.322331267689902,0.8258928571428571,0.25396825396825395,0.011904761904761904,0.09529132444487527,
parkour_new,02-new-terrain-distill,parkour_new/02-new-terrain-distill,4400,5,/home/zhangmingming/extreme-parkour-distill-nodelay/legged_gym/logs/sweep_evaluation/20260612_150259/parkour_new/02-new-terrain-distill/checkpoint_4400/repeat_5/depth_effective_4400.json,/home/zhangmingming/extreme-parkour-distill-nodelay/legged_gym/logs/sweep_evaluation/20260612_150259/parkour_new/02-new-terrain-distill/checkpoint_4400/repeat_5/depth_effective_4400.csv,0.7301587301587301,9.53664040872975,0.8308531746031746,0.2698412698412698,0.0,0.08759269809536248,
parkour_new,02-new-terrain-distill,parkour_new/02-new-terrain-distill,4400,6,/home/zhangmingming/extreme-parkour-distill-nodelay/legged_gym/logs/sweep_evaluation/20260612_150259/parkour_new/02-new-terrain-distill/checkpoint_4400/repeat_6/depth_effective_4400.json,/home/zhangmingming/extreme-parkour-distill-nodelay/legged_gym/logs/sweep_evaluation/20260612_150259/parkour_new/02-new-terrain-distill/checkpoint_4400/repeat_6/depth_effective_4400.csv,0.7738095238095238,9.865094727230451,0.8586309523809523,0.21031746031746032,0.015873015873015872,0.09534800765478488,
parkour_new,02-new-terrain-distill,parkour_new/02-new-terrain-distill,4800,0,/home/zhangmingming/extreme-parkour-distill-nodelay/legged_gym/logs/sweep_evaluation/20260612_150259/parkour_new/02-new-terrain-distill/checkpoint_4800/repeat_0/depth_effective_4800.json,/home/zhangmingming/extreme-parkour-distill-nodelay/legged_gym/logs/sweep_evaluation/20260612_150259/parkour_new/02-new-terrain-distill/checkpoint_4800/repeat_0/depth_effective_4800.csv,0.5476190476190477,7.84092217234392,0.6651785714285714,0.376984126984127,0.07539682539682539,0.09372139014084382,
parkour_new,02-new-terrain-distill,parkour_new/02-new-terrain-distill,4800,1,/home/zhangmingming/extreme-parkour-distill-nodelay/legged_gym/logs/sweep_evaluation/20260612_150259/parkour_new/02-new-terrain-distill/checkpoint_4800/repeat_1/depth_effective_4800.json,/home/zhangmingming/extreme-parkour-distill-nodelay/legged_gym/logs/sweep_evaluation/20260612_150259/parkour_new/02-new-terrain-distill/checkpoint_4800/repeat_1/depth_effective_4800.csv,0.5515873015873016,7.636279258226591,0.6750992063492064,0.373015873015873,0.07539682539682539,0.09651520296993757,
parkour_new,02-new-terrain-distill,parkour_new/02-new-terrain-distill,4800,2,/home/zhangmingming/extreme-parkour-distill-nodelay/legged_gym/logs/sweep_evaluation/20260612_150259/parkour_new/02-new-terrain-distill/checkpoint_4800/repeat_2/depth_effective_4800.json,/home/zhangmingming/extreme-parkour-distill-nodelay/legged_gym/logs/sweep_evaluation/20260612_150259/parkour_new/02-new-terrain-distill/checkpoint_4800/repeat_2/depth_effective_4800.csv,0.5793650793650794,7.909974012583021,0.6954365079365079,0.34523809523809523,0.07539682539682539,0.10933775418941379,
parkour_new,02-new-terrain-distill,parkour_new/02-new-terrain-distill,4800,3,/home/zhangmingming/extreme-parkour-distill-nodelay/legged_gym/logs/sweep_evaluation/20260612_150259/parkour_new/02-new-terrain-distill/checkpoint_4800/repeat_3/depth_effective_4800.json,/home/zhangmingming/extreme-parkour-distill-nodelay/legged_gym/logs/sweep_evaluation/20260612_150259/parkour_new/02-new-terrain-distill/checkpoint_4800/repeat_3/depth_effective_4800.csv,0.5317460317460317,7.792961753786556,0.6622023809523809,0.373015873015873,0.09126984126984126,0.10529787731134027,
parkour_new,02-new-terrain-distill,parkour_new/02-new-terrain-distill,4800,4,/home/zhangmingming/extreme-parkour-distill-nodelay/legged_gym/logs/sweep_evaluation/20260612_150259/parkour_new/02-new-terrain-distill/checkpoint_4800/repeat_4/depth_effective_4800.json,/home/zhangmingming/extreme-parkour-distill-nodelay/legged_gym/logs/sweep_evaluation/20260612_150259/parkour_new/02-new-terrain-distill/checkpoint_4800/repeat_4/depth_effective_4800.csv,0.6309523809523809,8.247158843373496,0.7162698412698413,0.2976190476190476,0.06746031746031746,0.1220865658272343,
parkour_new,02-new-terrain-distill,parkour_new/02-new-terrain-distill,4800,5,/home/zhangmingming/extreme-parkour-distill-nodelay/legged_gym/logs/sweep_evaluation/20260612_150259/parkour_new/02-new-terrain-distill/checkpoint_4800/repeat_5/depth_effective_4800.json,/home/zhangmingming/extreme-parkour-distill-nodelay/legged_gym/logs/sweep_evaluation/20260612_150259/parkour_new/02-new-terrain-distill/checkpoint_4800/repeat_5/depth_effective_4800.csv,0.5793650793650794,8.157355610103835,0.6989087301587301,0.36507936507936506,0.05555555555555555,0.11416357798067077,
parkour_new,02-new-terrain-distill,parkour_new/02-new-terrain-distill,4800,6,/home/zhangmingming/extreme-parkour-distill-nodelay/legged_gym/logs/sweep_evaluation/20260612_150259/parkour_new/02-new-terrain-distill/checkpoint_4800/repeat_6/depth_effective_4800.json,/home/zhangmingming/extreme-parkour-distill-nodelay/legged_gym/logs/sweep_evaluation/20260612_150259/parkour_new/02-new-terrain-distill/checkpoint_4800/repeat_6/depth_effective_4800.csv,0.5674603174603174,8.07266955739922,0.6929563492063492,0.3611111111111111,0.07142857142857142,0.10699612584706802,
parkour_new,02-new-terrain-distill,parkour_new/02-new-terrain-distill,5000,0,/home/zhangmingming/extreme-parkour-distill-nodelay/legged_gym/logs/sweep_evaluation/20260612_150259/parkour_new/02-new-terrain-distill/checkpoint_5000/repeat_0/depth_effective_5000.json,/home/zhangmingming/extreme-parkour-distill-nodelay/legged_gym/logs/sweep_evaluation/20260612_150259/parkour_new/02-new-terrain-distill/checkpoint_5000/repeat_0/depth_effective_5000.csv,0.6825396825396826,8.983437617856358,0.7762896825396826,0.2857142857142857,0.031746031746031744,0.10881167835091543,
parkour_new,02-new-terrain-distill,parkour_new/02-new-terrain-distill,5000,1,/home/zhangmingming/extreme-parkour-distill-nodelay/legged_gym/logs/sweep_evaluation/20260612_150259/parkour_new/02-new-terrain-distill/checkpoint_5000/repeat_1/depth_effective_5000.json,/home/zhangmingming/extreme-parkour-distill-nodelay/legged_gym/logs/sweep_evaluation/20260612_150259/parkour_new/02-new-terrain-distill/checkpoint_5000/repeat_1/depth_effective_5000.csv,0.6706349206349206,8.626317032982433,0.7752976190476191,0.3134920634920635,0.015873015873015872,0.11420006753861134,
parkour_new,02-new-terrain-distill,parkour_new/02-new-terrain-distill,5000,2,/home/zhangmingming/extreme-parkour-distill-nodelay/legged_gym/logs/sweep_evaluation/20260612_150259/parkour_new/02-new-terrain-distill/checkpoint_5000/repeat_2/depth_effective_5000.json,/home/zhangmingming/extreme-parkour-distill-nodelay/legged_gym/logs/sweep_evaluation/20260612_150259/parkour_new/02-new-terrain-distill/checkpoint_5000/repeat_2/depth_effective_5000.csv,0.6904761904761905,8.683138117430703,0.78125,0.2976190476190476,0.011904761904761904,0.11049452607044727,
parkour_new,02-new-terrain-distill,parkour_new/02-new-terrain-distill,5000,3,/home/zhangmingming/extreme-parkour-distill-nodelay/legged_gym/logs/sweep_evaluation/20260612_150259/parkour_new/02-new-terrain-distill/checkpoint_5000/repeat_3/depth_effective_5000.json,/home/zhangmingming/extreme-parkour-distill-nodelay/legged_gym/logs/sweep_evaluation/20260612_150259/parkour_new/02-new-terrain-distill/checkpoint_5000/repeat_3/depth_effective_5000.csv,0.6626984126984127,8.968440981611373,0.7663690476190477,0.3373015873015873,0.0,0.1306963214857046,
parkour_new,02-new-terrain-distill,parkour_new/02-new-terrain-distill,5000,4,/home/zhangmingming/extreme-parkour-distill-nodelay/legged_gym/logs/sweep_evaluation/20260612_150259/parkour_new/02-new-terrain-distill/checkpoint_5000/repeat_4/depth_effective_5000.json,/home/zhangmingming/extreme-parkour-distill-nodelay/legged_gym/logs/sweep_evaluation/20260612_150259/parkour_new/02-new-terrain-distill/checkpoint_5000/repeat_4/depth_effective_5000.csv,0.6666666666666666,8.840292336685318,0.7797619047619048,0.32936507936507936,0.003968253968253968,0.11978884605235614,
parkour_new,02-new-terrain-distill,parkour_new/02-new-terrain-distill,5000,5,/home/zhangmingming/extreme-parkour-distill-nodelay/legged_gym/logs/sweep_evaluation/20260612_150259/parkour_new/02-new-terrain-distill/checkpoint_5000/repeat_5/depth_effective_5000.json,/home/zhangmingming/extreme-parkour-distill-nodelay/legged_gym/logs/sweep_evaluation/20260612_150259/parkour_new/02-new-terrain-distill/checkpoint_5000/repeat_5/depth_effective_5000.csv,0.6706349206349206,8.852335493479456,0.7619047619047619,0.3055555555555556,0.023809523809523808,0.09874878717586759,
parkour_new,02-new-terrain-distill,parkour_new/02-new-terrain-distill,5000,6,/home/zhangmingming/extreme-parkour-distill-nodelay/legged_gym/logs/sweep_evaluation/20260612_150259/parkour_new/02-new-terrain-distill/checkpoint_5000/repeat_6/depth_effective_5000.json,/home/zhangmingming/extreme-parkour-distill-nodelay/legged_gym/logs/sweep_evaluation/20260612_150259/parkour_new/02-new-terrain-distill/checkpoint_5000/repeat_6/depth_effective_5000.csv,0.6785714285714286,8.850889375522023,0.7728174603174603,0.3134920634920635,0.007936507936507936,0.1157179147513563,
parkour_new,02-new-terrain-distill,parkour_new/02-new-terrain-distill,5500,0,/home/zhangmingming/extreme-parkour-distill-nodelay/legged_gym/logs/sweep_evaluation/20260612_150259/parkour_new/02-new-terrain-distill/checkpoint_5500/repeat_0/depth_effective_5500.json,/home/zhangmingming/extreme-parkour-distill-nodelay/legged_gym/logs/sweep_evaluation/20260612_150259/parkour_new/02-new-terrain-distill/checkpoint_5500/repeat_0/depth_effective_5500.csv,0.503968253968254,7.948043547688969,0.691468253968254,0.38095238095238093,0.1111111111111111,0.10929929334665366,
parkour_new,02-new-terrain-distill,parkour_new/02-new-terrain-distill,5500,1,/home/zhangmingming/extreme-parkour-distill-nodelay/legged_gym/logs/sweep_evaluation/20260612_150259/parkour_new/02-new-terrain-distill/checkpoint_5500/repeat_1/depth_effective_5500.json,/home/zhangmingming/extreme-parkour-distill-nodelay/legged_gym/logs/sweep_evaluation/20260612_150259/parkour_new/02-new-terrain-distill/checkpoint_5500/repeat_1/depth_effective_5500.csv,0.5793650793650794,8.118936313759713,0.7316468253968254,0.3492063492063492,0.06746031746031746,0.10680590843906798,
parkour_new,02-new-terrain-distill,parkour_new/02-new-terrain-distill,5500,2,/home/zhangmingming/extreme-parkour-distill-nodelay/legged_gym/logs/sweep_evaluation/20260612_150259/parkour_new/02-new-terrain-distill/checkpoint_5500/repeat_2/depth_effective_5500.json,/home/zhangmingming/extreme-parkour-distill-nodelay/legged_gym/logs/sweep_evaluation/20260612_150259/parkour_new/02-new-terrain-distill/checkpoint_5500/repeat_2/depth_effective_5500.csv,0.6031746031746031,8.093166371659628,0.7400793650793651,0.31746031746031744,0.07539682539682539,0.10840711848010987,
parkour_new,02-new-terrain-distill,parkour_new/02-new-terrain-distill,5500,3,/home/zhangmingming/extreme-parkour-distill-nodelay/legged_gym/logs/sweep_evaluation/20260612_150259/parkour_new/02-new-terrain-distill/checkpoint_5500/repeat_3/depth_effective_5500.json,/home/zhangmingming/extreme-parkour-distill-nodelay/legged_gym/logs/sweep_evaluation/20260612_150259/parkour_new/02-new-terrain-distill/checkpoint_5500/repeat_3/depth_effective_5500.csv,0.6071428571428571,8.770425489497564,0.7584325396825397,0.32142857142857145,0.06746031746031746,0.10840014578560819,
parkour_new,02-new-terrain-distill,parkour_new/02-new-terrain-distill,5500,4,/home/zhangmingming/extreme-parkour-distill-nodelay/legged_gym/logs/sweep_evaluation/20260612_150259/parkour_new/02-new-terrain-distill/checkpoint_5500/repeat_4/depth_effective_5500.json,/home/zhangmingming/extreme-parkour-distill-nodelay/legged_gym/logs/sweep_evaluation/20260612_150259/parkour_new/02-new-terrain-distill/checkpoint_5500/repeat_4/depth_effective_5500.csv,0.623015873015873,8.529159769415855,0.7584325396825397,0.2896825396825397,0.07936507936507936,0.11912875888257136,
parkour_new,02-new-terrain-distill,parkour_new/02-new-terrain-distill,5500,5,/home/zhangmingming/extreme-parkour-distill-nodelay/legged_gym/logs/sweep_evaluation/20260612_150259/parkour_new/02-new-terrain-distill/checkpoint_5500/repeat_5/depth_effective_5500.json,/home/zhangmingming/extreme-parkour-distill-nodelay/legged_gym/logs/sweep_evaluation/20260612_150259/parkour_new/02-new-terrain-distill/checkpoint_5500/repeat_5/depth_effective_5500.csv,0.6388888888888888,8.639047481474423,0.7624007936507936,0.30158730158730157,0.05952380952380952,0.10496658831966842,
parkour_new,02-new-terrain-distill,parkour_new/02-new-terrain-distill,5500,6,/home/zhangmingming/extreme-parkour-distill-nodelay/legged_gym/logs/sweep_evaluation/20260612_150259/parkour_new/02-new-terrain-distill/checkpoint_5500/repeat_6/depth_effective_5500.json,/home/zhangmingming/extreme-parkour-distill-nodelay/legged_gym/logs/sweep_evaluation/20260612_150259/parkour_new/02-new-terrain-distill/checkpoint_5500/repeat_6/depth_effective_5500.csv,0.6071428571428571,8.692636159204302,0.7534722222222222,0.2857142857142857,0.0992063492063492,0.11183179023139692,
parkour_new,02-new-terrain-distill,parkour_new/02-new-terrain-distill,6000,0,/home/zhangmingming/extreme-parkour-distill-nodelay/legged_gym/logs/sweep_evaluation/20260612_150259/parkour_new/02-new-terrain-distill/checkpoint_6000/repeat_0/depth_effective_6000.json,/home/zhangmingming/extreme-parkour-distill-nodelay/legged_gym/logs/sweep_evaluation/20260612_150259/parkour_new/02-new-terrain-distill/checkpoint_6000/repeat_0/depth_effective_6000.csv,0.6944444444444444,9.416435308163129,0.8110119047619048,0.28174603174603174,0.023809523809523808,0.09913497643054794,
parkour_new,02-new-terrain-distill,parkour_new/02-new-terrain-distill,6000,1,/home/zhangmingming/extreme-parkour-distill-nodelay/legged_gym/logs/sweep_evaluation/20260612_150259/parkour_new/02-new-terrain-distill/checkpoint_6000/repeat_1/depth_effective_6000.json,/home/zhangmingming/extreme-parkour-distill-nodelay/legged_gym/logs/sweep_evaluation/20260612_150259/parkour_new/02-new-terrain-distill/checkpoint_6000/repeat_1/depth_effective_6000.csv,0.7301587301587301,9.457291402750545,0.8407738095238095,0.2619047619047619,0.007936507936507936,0.1040432108579131,
parkour_new,02-new-terrain-distill,parkour_new/02-new-terrain-distill,6000,2,/home/zhangmingming/extreme-parkour-distill-nodelay/legged_gym/logs/sweep_evaluation/20260612_150259/parkour_new/02-new-terrain-distill/checkpoint_6000/repeat_2/depth_effective_6000.json,/home/zhangmingming/extreme-parkour-distill-nodelay/legged_gym/logs/sweep_evaluation/20260612_150259/parkour_new/02-new-terrain-distill/checkpoint_6000/repeat_2/depth_effective_6000.csv,0.7142857142857143,9.113517008130513,0.8174603174603174,0.26587301587301587,0.01984126984126984,0.09974617888455857,
parkour_new,02-new-terrain-distill,parkour_new/02-new-terrain-distill,6000,3,/home/zhangmingming/extreme-parkour-distill-nodelay/legged_gym/logs/sweep_evaluation/20260612_150259/parkour_new/02-new-terrain-distill/checkpoint_6000/repeat_3/depth_effective_6000.json,/home/zhangmingming/extreme-parkour-distill-nodelay/legged_gym/logs/sweep_evaluation/20260612_150259/parkour_new/02-new-terrain-distill/checkpoint_6000/repeat_3/depth_effective_6000.csv,0.753968253968254,9.838524476166755,0.8506944444444444,0.23015873015873015,0.015873015873015872,0.10845595128356719,
parkour_new,02-new-terrain-distill,parkour_new/02-new-terrain-distill,6000,4,/home/zhangmingming/extreme-parkour-distill-nodelay/legged_gym/logs/sweep_evaluation/20260612_150259/parkour_new/02-new-terrain-distill/checkpoint_6000/repeat_4/depth_effective_6000.json,/home/zhangmingming/extreme-parkour-distill-nodelay/legged_gym/logs/sweep_evaluation/20260612_150259/parkour_new/02-new-terrain-distill/checkpoint_6000/repeat_4/depth_effective_6000.csv,0.7063492063492064,9.44546128218136,0.8288690476190477,0.2619047619047619,0.031746031746031744,0.12180243131508064,
parkour_new,02-new-terrain-distill,parkour_new/02-new-terrain-distill,6000,5,/home/zhangmingming/extreme-parkour-distill-nodelay/legged_gym/logs/sweep_evaluation/20260612_150259/parkour_new/02-new-terrain-distill/checkpoint_6000/repeat_5/depth_effective_6000.json,/home/zhangmingming/extreme-parkour-distill-nodelay/legged_gym/logs/sweep_evaluation/20260612_150259/parkour_new/02-new-terrain-distill/checkpoint_6000/repeat_5/depth_effective_6000.csv,0.7063492063492064,9.546633537090013,0.8249007936507936,0.27380952380952384,0.01984126984126984,0.1028526126069893,
parkour_new,02-new-terrain-distill,parkour_new/02-new-terrain-distill,6000,6,/home/zhangmingming/extreme-parkour-distill-nodelay/legged_gym/logs/sweep_evaluation/20260612_150259/parkour_new/02-new-terrain-distill/checkpoint_6000/repeat_6/depth_effective_6000.json,/home/zhangmingming/extreme-parkour-distill-nodelay/legged_gym/logs/sweep_evaluation/20260612_150259/parkour_new/02-new-terrain-distill/checkpoint_6000/repeat_6/depth_effective_6000.csv,0.7380952380952381,9.7752483924703,0.8531746031746031,0.23809523809523808,0.023809523809523808,0.10703952540375317,
parkour_new,02-new-terrain-distill,parkour_new/02-new-terrain-distill,6500,0,/home/zhangmingming/extreme-parkour-distill-nodelay/legged_gym/logs/sweep_evaluation/20260612_150259/parkour_new/02-new-terrain-distill/checkpoint_6500/repeat_0/depth_effective_6500.json,/home/zhangmingming/extreme-parkour-distill-nodelay/legged_gym/logs/sweep_evaluation/20260612_150259/parkour_new/02-new-terrain-distill/checkpoint_6500/repeat_0/depth_effective_6500.csv,0.7301587301587301,9.926760249904223,0.8368055555555556,0.21825396825396826,0.051587301587301584,0.09240437238948129,
parkour_new,02-new-terrain-distill,parkour_new/02-new-terrain-distill,6500,1,/home/zhangmingming/extreme-parkour-distill-nodelay/legged_gym/logs/sweep_evaluation/20260612_150259/parkour_new/02-new-terrain-distill/checkpoint_6500/repeat_1/depth_effective_6500.json,/home/zhangmingming/extreme-parkour-distill-nodelay/legged_gym/logs/sweep_evaluation/20260612_150259/parkour_new/02-new-terrain-distill/checkpoint_6500/repeat_1/depth_effective_6500.csv,0.7698412698412699,9.892584049748995,0.8680555555555556,0.19047619047619047,0.03968253968253968,0.07711221394088455,
parkour_new,02-new-terrain-distill,parkour_new/02-new-terrain-distill,6500,2,/home/zhangmingming/extreme-parkour-distill-nodelay/legged_gym/logs/sweep_evaluation/20260612_150259/parkour_new/02-new-terrain-distill/checkpoint_6500/repeat_2/depth_effective_6500.json,/home/zhangmingming/extreme-parkour-distill-nodelay/legged_gym/logs/sweep_evaluation/20260612_150259/parkour_new/02-new-terrain-distill/checkpoint_6500/repeat_2/depth_effective_6500.csv,0.7222222222222222,9.437533049829423,0.8308531746031746,0.23809523809523808,0.03571428571428571,0.08461269340057133,
parkour_new,02-new-terrain-distill,parkour_new/02-new-terrain-distill,6500,3,/home/zhangmingming/extreme-parkour-distill-nodelay/legged_gym/logs/sweep_evaluation/20260612_150259/parkour_new/02-new-terrain-distill/checkpoint_6500/repeat_3/depth_effective_6500.json,/home/zhangmingming/extreme-parkour-distill-nodelay/legged_gym/logs/sweep_evaluation/20260612_150259/parkour_new/02-new-terrain-distill/checkpoint_6500/repeat_3/depth_effective_6500.csv,0.7301587301587301,9.84875708936699,0.8427579365079365,0.23412698412698413,0.03571428571428571,0.09433998834098731,
parkour_new,02-new-terrain-distill,parkour_new/02-new-terrain-distill,6500,4,/home/zhangmingming/extreme-parkour-distill-nodelay/legged_gym/logs/sweep_evaluation/20260612_150259/parkour_new/02-new-terrain-distill/checkpoint_6500/repeat_4/depth_effective_6500.json,/home/zhangmingming/extreme-parkour-distill-nodelay/legged_gym/logs/sweep_evaluation/20260612_150259/parkour_new/02-new-terrain-distill/checkpoint_6500/repeat_4/depth_effective_6500.csv,0.7619047619047619,9.779524489054603,0.8586309523809523,0.21428571428571427,0.023809523809523808,0.09372770551516496,
parkour_new,02-new-terrain-distill,parkour_new/02-new-terrain-distill,6500,5,/home/zhangmingming/extreme-parkour-distill-nodelay/legged_gym/logs/sweep_evaluation/20260612_150259/parkour_new/02-new-terrain-distill/checkpoint_6500/repeat_5/depth_effective_6500.json,/home/zhangmingming/extreme-parkour-distill-nodelay/legged_gym/logs/sweep_evaluation/20260612_150259/parkour_new/02-new-terrain-distill/checkpoint_6500/repeat_5/depth_effective_6500.csv,0.746031746031746,9.48566017359022,0.8288690476190477,0.24206349206349206,0.011904761904761904,0.08300352408979444,
parkour_new,02-new-terrain-distill,parkour_new/02-new-terrain-distill,6500,6,/home/zhangmingming/extreme-parkour-distill-nodelay/legged_gym/logs/sweep_evaluation/20260612_150259/parkour_new/02-new-terrain-distill/checkpoint_6500/repeat_6/depth_effective_6500.json,/home/zhangmingming/extreme-parkour-distill-nodelay/legged_gym/logs/sweep_evaluation/20260612_150259/parkour_new/02-new-terrain-distill/checkpoint_6500/repeat_6/depth_effective_6500.csv,0.753968253968254,9.796990034362626,0.8501984126984127,0.21031746031746032,0.03571428571428571,0.08702414362327275,
parkour_new,02-new-terrain-distill,parkour_new/02-new-terrain-distill,7000,0,/home/zhangmingming/extreme-parkour-distill-nodelay/legged_gym/logs/sweep_evaluation/20260612_150259/parkour_new/02-new-terrain-distill/checkpoint_7000/repeat_0/depth_effective_7000.json,/home/zhangmingming/extreme-parkour-distill-nodelay/legged_gym/logs/sweep_evaluation/20260612_150259/parkour_new/02-new-terrain-distill/checkpoint_7000/repeat_0/depth_effective_7000.csv,0.6468253968253969,9.329821116630994,0.785218253968254,0.2698412698412698,0.07936507936507936,0.11889249698233743,
parkour_new,02-new-terrain-distill,parkour_new/02-new-terrain-distill,7000,1,/home/zhangmingming/extreme-parkour-distill-nodelay/legged_gym/logs/sweep_evaluation/20260612_150259/parkour_new/02-new-terrain-distill/checkpoint_7000/repeat_1/depth_effective_7000.json,/home/zhangmingming/extreme-parkour-distill-nodelay/legged_gym/logs/sweep_evaluation/20260612_150259/parkour_new/02-new-terrain-distill/checkpoint_7000/repeat_1/depth_effective_7000.csv,0.6825396825396826,9.337460918322442,0.816468253968254,0.27380952380952384,0.04365079365079365,0.10351787147388596,
parkour_new,02-new-terrain-distill,parkour_new/02-new-terrain-distill,7000,2,/home/zhangmingming/extreme-parkour-distill-nodelay/legged_gym/logs/sweep_evaluation/20260612_150259/parkour_new/02-new-terrain-distill/checkpoint_7000/repeat_2/depth_effective_7000.json,/home/zhangmingming/extreme-parkour-distill-nodelay/legged_gym/logs/sweep_evaluation/20260612_150259/parkour_new/02-new-terrain-distill/checkpoint_7000/repeat_2/depth_effective_7000.csv,0.6626984126984127,9.141911000013351,0.8005952380952381,0.2777777777777778,0.05952380952380952,0.10234068255268207,
parkour_new,02-new-terrain-distill,parkour_new/02-new-terrain-distill,7000,3,/home/zhangmingming/extreme-parkour-distill-nodelay/legged_gym/logs/sweep_evaluation/20260612_150259/parkour_new/02-new-terrain-distill/checkpoint_7000/repeat_3/depth_effective_7000.json,/home/zhangmingming/extreme-parkour-distill-nodelay/legged_gym/logs/sweep_evaluation/20260612_150259/parkour_new/02-new-terrain-distill/checkpoint_7000/repeat_3/depth_effective_7000.csv,0.6587301587301587,9.475267560236038,0.8040674603174603,0.30952380952380953,0.031746031746031744,0.10650803348328139,
parkour_new,02-new-terrain-distill,parkour_new/02-new-terrain-distill,7000,4,/home/zhangmingming/extreme-parkour-distill-nodelay/legged_gym/logs/sweep_evaluation/20260612_150259/parkour_new/02-new-terrain-distill/checkpoint_7000/repeat_4/depth_effective_7000.json,/home/zhangmingming/extreme-parkour-distill-nodelay/legged_gym/logs/sweep_evaluation/20260612_150259/parkour_new/02-new-terrain-distill/checkpoint_7000/repeat_4/depth_effective_7000.csv,0.6309523809523809,8.951692736338055,0.7842261904761905,0.30952380952380953,0.05555555555555555,0.11637340763838845,
parkour_new,02-new-terrain-distill,parkour_new/02-new-terrain-distill,7000,5,/home/zhangmingming/extreme-parkour-distill-nodelay/legged_gym/logs/sweep_evaluation/20260612_150259/parkour_new/02-new-terrain-distill/checkpoint_7000/repeat_5/depth_effective_7000.json,/home/zhangmingming/extreme-parkour-distill-nodelay/legged_gym/logs/sweep_evaluation/20260612_150259/parkour_new/02-new-terrain-distill/checkpoint_7000/repeat_5/depth_effective_7000.csv,0.6706349206349206,9.216658846016914,0.7916666666666666,0.27380952380952384,0.047619047619047616,0.10126050345611122,
parkour_new,02-new-terrain-distill,parkour_new/02-new-terrain-distill,7000,6,/home/zhangmingming/extreme-parkour-distill-nodelay/legged_gym/logs/sweep_evaluation/20260612_150259/parkour_new/02-new-terrain-distill/checkpoint_7000/repeat_6/depth_effective_7000.json,/home/zhangmingming/extreme-parkour-distill-nodelay/legged_gym/logs/sweep_evaluation/20260612_150259/parkour_new/02-new-terrain-distill/checkpoint_7000/repeat_6/depth_effective_7000.csv,0.7142857142857143,9.679213044662324,0.8368055555555556,0.23015873015873015,0.05555555555555555,0.10765815344846105,
parkour_new,02-new-terrain-distill,parkour_new/02-new-terrain-distill,7500,0,/home/zhangmingming/extreme-parkour-distill-nodelay/legged_gym/logs/sweep_evaluation/20260612_150259/parkour_new/02-new-terrain-distill/checkpoint_7500/repeat_0/depth_effective_7500.json,/home/zhangmingming/extreme-parkour-distill-nodelay/legged_gym/logs/sweep_evaluation/20260612_150259/parkour_new/02-new-terrain-distill/checkpoint_7500/repeat_0/depth_effective_7500.csv,0.6468253968253969,8.903160560698737,0.7683531746031746,0.3134920634920635,0.03968253968253968,0.09687560616513274,
parkour_new,02-new-terrain-distill,parkour_new/02-new-terrain-distill,7500,1,/home/zhangmingming/extreme-parkour-distill-nodelay/legged_gym/logs/sweep_evaluation/20260612_150259/parkour_new/02-new-terrain-distill/checkpoint_7500/repeat_1/depth_effective_7500.json,/home/zhangmingming/extreme-parkour-distill-nodelay/legged_gym/logs/sweep_evaluation/20260612_150259/parkour_new/02-new-terrain-distill/checkpoint_7500/repeat_1/depth_effective_7500.csv,0.6388888888888888,8.658556087859093,0.7713293650793651,0.3333333333333333,0.027777777777777776,0.09128934458590271,
parkour_new,02-new-terrain-distill,parkour_new/02-new-terrain-distill,7500,2,/home/zhangmingming/extreme-parkour-distill-nodelay/legged_gym/logs/sweep_evaluation/20260612_150259/parkour_new/02-new-terrain-distill/checkpoint_7500/repeat_2/depth_effective_7500.json,/home/zhangmingming/extreme-parkour-distill-nodelay/legged_gym/logs/sweep_evaluation/20260612_150259/parkour_new/02-new-terrain-distill/checkpoint_7500/repeat_2/depth_effective_7500.csv,0.6626984126984127,8.869292536425212,0.7777777777777778,0.3134920634920635,0.01984126984126984,0.10655704918030588,
parkour_new,02-new-terrain-distill,parkour_new/02-new-terrain-distill,7500,3,/home/zhangmingming/extreme-parkour-distill-nodelay/legged_gym/logs/sweep_evaluation/20260612_150259/parkour_new/02-new-terrain-distill/checkpoint_7500/repeat_3/depth_effective_7500.json,/home/zhangmingming/extreme-parkour-distill-nodelay/legged_gym/logs/sweep_evaluation/20260612_150259/parkour_new/02-new-terrain-distill/checkpoint_7500/repeat_3/depth_effective_7500.csv,0.5873015873015873,8.925042535814027,0.75,0.3888888888888889,0.023809523809523808,0.10281864365713708,
parkour_new,02-new-terrain-distill,parkour_new/02-new-terrain-distill,7500,4,/home/zhangmingming/extreme-parkour-distill-nodelay/legged_gym/logs/sweep_evaluation/20260612_150259/parkour_new/02-new-terrain-distill/checkpoint_7500/repeat_4/depth_effective_7500.json,/home/zhangmingming/extreme-parkour-distill-nodelay/legged_gym/logs/sweep_evaluation/20260612_150259/parkour_new/02-new-terrain-distill/checkpoint_7500/repeat_4/depth_effective_7500.csv,0.6746031746031746,8.948816424797451,0.7876984126984127,0.30158730158730157,0.023809523809523808,0.10351859255410888,
parkour_new,02-new-terrain-distill,parkour_new/02-new-terrain-distill,7500,5,/home/zhangmingming/extreme-parkour-distill-nodelay/legged_gym/logs/sweep_evaluation/20260612_150259/parkour_new/02-new-terrain-distill/checkpoint_7500/repeat_5/depth_effective_7500.json,/home/zhangmingming/extreme-parkour-distill-nodelay/legged_gym/logs/sweep_evaluation/20260612_150259/parkour_new/02-new-terrain-distill/checkpoint_7500/repeat_5/depth_effective_7500.csv,0.6785714285714286,9.095490469582497,0.7876984126984127,0.30158730158730157,0.01984126984126984,0.10452155177105968,
parkour_new,02-new-terrain-distill,parkour_new/02-new-terrain-distill,7500,6,/home/zhangmingming/extreme-parkour-distill-nodelay/legged_gym/logs/sweep_evaluation/20260612_150259/parkour_new/02-new-terrain-distill/checkpoint_7500/repeat_6/depth_effective_7500.json,/home/zhangmingming/extreme-parkour-distill-nodelay/legged_gym/logs/sweep_evaluation/20260612_150259/parkour_new/02-new-terrain-distill/checkpoint_7500/repeat_6/depth_effective_7500.csv,0.6547619047619048,9.09205562467613,0.7718253968253969,0.30952380952380953,0.03571428571428571,0.09195837035863291,
parkour_new,02-new-terrain-distill,parkour_new/02-new-terrain-distill,8000,0,/home/zhangmingming/extreme-parkour-distill-nodelay/legged_gym/logs/sweep_evaluation/20260612_150259/parkour_new/02-new-terrain-distill/checkpoint_8000/repeat_0/depth_effective_8000.json,/home/zhangmingming/extreme-parkour-distill-nodelay/legged_gym/logs/sweep_evaluation/20260612_150259/parkour_new/02-new-terrain-distill/checkpoint_8000/repeat_0/depth_effective_8000.csv,0.7658730158730159,10.1327258312986,0.8665674603174603,0.23412698412698413,0.0,0.0836841330137972,
parkour_new,02-new-terrain-distill,parkour_new/02-new-terrain-distill,8000,1,/home/zhangmingming/extreme-parkour-distill-nodelay/legged_gym/logs/sweep_evaluation/20260612_150259/parkour_new/02-new-terrain-distill/checkpoint_8000/repeat_1/depth_effective_8000.json,/home/zhangmingming/extreme-parkour-distill-nodelay/legged_gym/logs/sweep_evaluation/20260612_150259/parkour_new/02-new-terrain-distill/checkpoint_8000/repeat_1/depth_effective_8000.csv,0.7738095238095238,9.777264365364635,0.8779761904761905,0.2261904761904762,0.0,0.08099675367110734,
parkour_new,02-new-terrain-distill,parkour_new/02-new-terrain-distill,8000,2,/home/zhangmingming/extreme-parkour-distill-nodelay/legged_gym/logs/sweep_evaluation/20260612_150259/parkour_new/02-new-terrain-distill/checkpoint_8000/repeat_2/depth_effective_8000.json,/home/zhangmingming/extreme-parkour-distill-nodelay/legged_gym/logs/sweep_evaluation/20260612_150259/parkour_new/02-new-terrain-distill/checkpoint_8000/repeat_2/depth_effective_8000.csv,0.7619047619047619,9.732394332450534,0.8645833333333334,0.23809523809523808,0.0,0.08199432139888525,
parkour_new,02-new-terrain-distill,parkour_new/02-new-terrain-distill,8000,3,/home/zhangmingming/extreme-parkour-distill-nodelay/legged_gym/logs/sweep_evaluation/20260612_150259/parkour_new/02-new-terrain-distill/checkpoint_8000/repeat_3/depth_effective_8000.json,/home/zhangmingming/extreme-parkour-distill-nodelay/legged_gym/logs/sweep_evaluation/20260612_150259/parkour_new/02-new-terrain-distill/checkpoint_8000/repeat_3/depth_effective_8000.csv,0.7738095238095238,10.120431373516718,0.875,0.2261904761904762,0.0,0.08164918466084935,
parkour_new,02-new-terrain-distill,parkour_new/02-new-terrain-distill,8000,4,/home/zhangmingming/extreme-parkour-distill-nodelay/legged_gym/logs/sweep_evaluation/20260612_150259/parkour_new/02-new-terrain-distill/checkpoint_8000/repeat_4/depth_effective_8000.json,/home/zhangmingming/extreme-parkour-distill-nodelay/legged_gym/logs/sweep_evaluation/20260612_150259/parkour_new/02-new-terrain-distill/checkpoint_8000/repeat_4/depth_effective_8000.csv,0.7857142857142857,10.07710337638855,0.8864087301587301,0.21428571428571427,0.0,0.08012846423209875,
parkour_new,02-new-terrain-distill,parkour_new/02-new-terrain-distill,8000,5,/home/zhangmingming/extreme-parkour-distill-nodelay/legged_gym/logs/sweep_evaluation/20260612_150259/parkour_new/02-new-terrain-distill/checkpoint_8000/repeat_5/depth_effective_8000.json,/home/zhangmingming/extreme-parkour-distill-nodelay/legged_gym/logs/sweep_evaluation/20260612_150259/parkour_new/02-new-terrain-distill/checkpoint_8000/repeat_5/depth_effective_8000.csv,0.7738095238095238,9.946317802582469,0.8680555555555556,0.2261904761904762,0.0,0.08381708828409289,
parkour_new,02-new-terrain-distill,parkour_new/02-new-terrain-distill,8000,6,/home/zhangmingming/extreme-parkour-distill-nodelay/legged_gym/logs/sweep_evaluation/20260612_150259/parkour_new/02-new-terrain-distill/checkpoint_8000/repeat_6/depth_effective_8000.json,/home/zhangmingming/extreme-parkour-distill-nodelay/legged_gym/logs/sweep_evaluation/20260612_150259/parkour_new/02-new-terrain-distill/checkpoint_8000/repeat_6/depth_effective_8000.csv,0.8174603174603174,10.321409881351487,0.8993055555555556,0.18253968253968253,0.0,0.08453179981170303,
parkour_new,02-new-terrain-distill,parkour_new/02-new-terrain-distill,8500,0,/home/zhangmingming/extreme-parkour-distill-nodelay/legged_gym/logs/sweep_evaluation/20260612_150259/parkour_new/02-new-terrain-distill/checkpoint_8500/repeat_0/depth_effective_8500.json,/home/zhangmingming/extreme-parkour-distill-nodelay/legged_gym/logs/sweep_evaluation/20260612_150259/parkour_new/02-new-terrain-distill/checkpoint_8500/repeat_0/depth_effective_8500.csv,0.7380952380952381,9.932852902346188,0.847718253968254,0.2222222222222222,0.03968253968253968,0.10529210332646367,
parkour_new,02-new-terrain-distill,parkour_new/02-new-terrain-distill,8500,1,/home/zhangmingming/extreme-parkour-distill-nodelay/legged_gym/logs/sweep_evaluation/20260612_150259/parkour_new/02-new-terrain-distill/checkpoint_8500/repeat_1/depth_effective_8500.json,/home/zhangmingming/extreme-parkour-distill-nodelay/legged_gym/logs/sweep_evaluation/20260612_150259/parkour_new/02-new-terrain-distill/checkpoint_8500/repeat_1/depth_effective_8500.csv,0.7420634920634921,9.758910408332234,0.8640873015873016,0.23809523809523808,0.01984126984126984,0.08577287482077958,
parkour_new,02-new-terrain-distill,parkour_new/02-new-terrain-distill,8500,2,/home/zhangmingming/extreme-parkour-distill-nodelay/legged_gym/logs/sweep_evaluation/20260612_150259/parkour_new/02-new-terrain-distill/checkpoint_8500/repeat_2/depth_effective_8500.json,/home/zhangmingming/extreme-parkour-distill-nodelay/legged_gym/logs/sweep_evaluation/20260612_150259/parkour_new/02-new-terrain-distill/checkpoint_8500/repeat_2/depth_effective_8500.csv,0.7222222222222222,9.468659770394128,0.8353174603174603,0.25396825396825395,0.01984126984126984,0.10514505925004437,
parkour_new,02-new-terrain-distill,parkour_new/02-new-terrain-distill,8500,3,/home/zhangmingming/extreme-parkour-distill-nodelay/legged_gym/logs/sweep_evaluation/20260612_150259/parkour_new/02-new-terrain-distill/checkpoint_8500/repeat_3/depth_effective_8500.json,/home/zhangmingming/extreme-parkour-distill-nodelay/legged_gym/logs/sweep_evaluation/20260612_150259/parkour_new/02-new-terrain-distill/checkpoint_8500/repeat_3/depth_effective_8500.csv,0.7420634920634921,9.86118267003506,0.8501984126984127,0.24603174603174602,0.011904761904761904,0.08668247972593116,
parkour_new,02-new-terrain-distill,parkour_new/02-new-terrain-distill,8500,4,/home/zhangmingming/extreme-parkour-distill-nodelay/legged_gym/logs/sweep_evaluation/20260612_150259/parkour_new/02-new-terrain-distill/checkpoint_8500/repeat_4/depth_effective_8500.json,/home/zhangmingming/extreme-parkour-distill-nodelay/legged_gym/logs/sweep_evaluation/20260612_150259/parkour_new/02-new-terrain-distill/checkpoint_8500/repeat_4/depth_effective_8500.csv,0.7817460317460317,9.936727983137917,0.875,0.21031746031746032,0.007936507936507936,0.09807798698573184,
parkour_new,02-new-terrain-distill,parkour_new/02-new-terrain-distill,8500,5,/home/zhangmingming/extreme-parkour-distill-nodelay/legged_gym/logs/sweep_evaluation/20260612_150259/parkour_new/02-new-terrain-distill/checkpoint_8500/repeat_5/depth_effective_8500.json,/home/zhangmingming/extreme-parkour-distill-nodelay/legged_gym/logs/sweep_evaluation/20260612_150259/parkour_new/02-new-terrain-distill/checkpoint_8500/repeat_5/depth_effective_8500.csv,0.75,9.903186650739777,0.8531746031746031,0.2222222222222222,0.027777777777777776,0.08965021067205918,
parkour_new,02-new-terrain-distill,parkour_new/02-new-terrain-distill,8500,6,/home/zhangmingming/extreme-parkour-distill-nodelay/legged_gym/logs/sweep_evaluation/20260612_150259/parkour_new/02-new-terrain-distill/checkpoint_8500/repeat_6/depth_effective_8500.json,/home/zhangmingming/extreme-parkour-distill-nodelay/legged_gym/logs/sweep_evaluation/20260612_150259/parkour_new/02-new-terrain-distill/checkpoint_8500/repeat_6/depth_effective_8500.csv,0.7738095238095238,10.160774028963512,0.8745039682539683,0.19444444444444445,0.031746031746031744,0.0990603764719396,
parkour_new,02-new-terrain-distill,parkour_new/02-new-terrain-distill,9000,0,/home/zhangmingming/extreme-parkour-distill-nodelay/legged_gym/logs/sweep_evaluation/20260612_150259/parkour_new/02-new-terrain-distill/checkpoint_9000/repeat_0/depth_effective_9000.json,/home/zhangmingming/extreme-parkour-distill-nodelay/legged_gym/logs/sweep_evaluation/20260612_150259/parkour_new/02-new-terrain-distill/checkpoint_9000/repeat_0/depth_effective_9000.csv,0.626984126984127,8.923693797181523,0.7614087301587301,0.3531746031746032,0.01984126984126984,0.09248303330130844,
parkour_new,02-new-terrain-distill,parkour_new/02-new-terrain-distill,9000,1,/home/zhangmingming/extreme-parkour-distill-nodelay/legged_gym/logs/sweep_evaluation/20260612_150259/parkour_new/02-new-terrain-distill/checkpoint_9000/repeat_1/depth_effective_9000.json,/home/zhangmingming/extreme-parkour-distill-nodelay/legged_gym/logs/sweep_evaluation/20260612_150259/parkour_new/02-new-terrain-distill/checkpoint_9000/repeat_1/depth_effective_9000.csv,0.6626984126984127,8.667710078141045,0.7777777777777778,0.32142857142857145,0.015873015873015872,0.08708298086118617,
parkour_new,02-new-terrain-distill,parkour_new/02-new-terrain-distill,9000,2,/home/zhangmingming/extreme-parkour-distill-nodelay/legged_gym/logs/sweep_evaluation/20260612_150259/parkour_new/02-new-terrain-distill/checkpoint_9000/repeat_2/depth_effective_9000.json,/home/zhangmingming/extreme-parkour-distill-nodelay/legged_gym/logs/sweep_evaluation/20260612_150259/parkour_new/02-new-terrain-distill/checkpoint_9000/repeat_2/depth_effective_9000.csv,0.6706349206349206,8.692887615116815,0.7713293650793651,0.3055555555555556,0.023809523809523808,0.09376754597684671,
parkour_new,02-new-terrain-distill,parkour_new/02-new-terrain-distill,9000,3,/home/zhangmingming/extreme-parkour-distill-nodelay/legged_gym/logs/sweep_evaluation/20260612_150259/parkour_new/02-new-terrain-distill/checkpoint_9000/repeat_3/depth_effective_9000.json,/home/zhangmingming/extreme-parkour-distill-nodelay/legged_gym/logs/sweep_evaluation/20260612_150259/parkour_new/02-new-terrain-distill/checkpoint_9000/repeat_3/depth_effective_9000.csv,0.6547619047619048,9.075165882470115,0.7807539682539683,0.31746031746031744,0.027777777777777776,0.10762455895029267,
parkour_new,02-new-terrain-distill,parkour_new/02-new-terrain-distill,9000,4,/home/zhangmingming/extreme-parkour-distill-nodelay/legged_gym/logs/sweep_evaluation/20260612_150259/parkour_new/02-new-terrain-distill/checkpoint_9000/repeat_4/depth_effective_9000.json,/home/zhangmingming/extreme-parkour-distill-nodelay/legged_gym/logs/sweep_evaluation/20260612_150259/parkour_new/02-new-terrain-distill/checkpoint_9000/repeat_4/depth_effective_9000.csv,0.6984126984126984,8.988820246287755,0.7976190476190477,0.29365079365079366,0.007936507936507936,0.10174524318658594,
parkour_new,02-new-terrain-distill,parkour_new/02-new-terrain-distill,9000,5,/home/zhangmingming/extreme-parkour-distill-nodelay/legged_gym/logs/sweep_evaluation/20260612_150259/parkour_new/02-new-terrain-distill/checkpoint_9000/repeat_5/depth_effective_9000.json,/home/zhangmingming/extreme-parkour-distill-nodelay/legged_gym/logs/sweep_evaluation/20260612_150259/parkour_new/02-new-terrain-distill/checkpoint_9000/repeat_5/depth_effective_9000.csv,0.6984126984126984,9.048394344392277,0.7847222222222222,0.2896825396825397,0.011904761904761904,0.0871394122271248,
parkour_new,02-new-terrain-distill,parkour_new/02-new-terrain-distill,9000,6,/home/zhangmingming/extreme-parkour-distill-nodelay/legged_gym/logs/sweep_evaluation/20260612_150259/parkour_new/02-new-terrain-distill/checkpoint_9000/repeat_6/depth_effective_9000.json,/home/zhangmingming/extreme-parkour-distill-nodelay/legged_gym/logs/sweep_evaluation/20260612_150259/parkour_new/02-new-terrain-distill/checkpoint_9000/repeat_6/depth_effective_9000.csv,0.7063492063492064,9.079602767787282,0.7961309523809523,0.2698412698412698,0.023809523809523808,0.08792071646479567,
parkour_new,02-new-terrain-distill,parkour_new/02-new-terrain-distill,9500,0,/home/zhangmingming/extreme-parkour-distill-nodelay/legged_gym/logs/sweep_evaluation/20260612_150259/parkour_new/02-new-terrain-distill/checkpoint_9500/repeat_0/depth_effective_9500.json,/home/zhangmingming/extreme-parkour-distill-nodelay/legged_gym/logs/sweep_evaluation/20260612_150259/parkour_new/02-new-terrain-distill/checkpoint_9500/repeat_0/depth_effective_9500.csv,0.6309523809523809,8.757952600244492,0.7559523809523809,0.2857142857142857,0.08333333333333333,0.09927153874754235,
parkour_new,02-new-terrain-distill,parkour_new/02-new-terrain-distill,9500,1,/home/zhangmingming/extreme-parkour-distill-nodelay/legged_gym/logs/sweep_evaluation/20260612_150259/parkour_new/02-new-terrain-distill/checkpoint_9500/repeat_1/depth_effective_9500.json,/home/zhangmingming/extreme-parkour-distill-nodelay/legged_gym/logs/sweep_evaluation/20260612_150259/parkour_new/02-new-terrain-distill/checkpoint_9500/repeat_1/depth_effective_9500.csv,0.6626984126984127,8.723650033748338,0.7857142857142857,0.30158730158730157,0.03571428571428571,0.09996609995877916,
parkour_new,02-new-terrain-distill,parkour_new/02-new-terrain-distill,9500,2,/home/zhangmingming/extreme-parkour-distill-nodelay/legged_gym/logs/sweep_evaluation/20260612_150259/parkour_new/02-new-terrain-distill/checkpoint_9500/repeat_2/depth_effective_9500.json,/home/zhangmingming/extreme-parkour-distill-nodelay/legged_gym/logs/sweep_evaluation/20260612_150259/parkour_new/02-new-terrain-distill/checkpoint_9500/repeat_2/depth_effective_9500.csv,0.6706349206349206,8.861024179628917,0.783234126984127,0.29365079365079366,0.03571428571428571,0.09165326790472746,
parkour_new,02-new-terrain-distill,parkour_new/02-new-terrain-distill,9500,3,/home/zhangmingming/extreme-parkour-distill-nodelay/legged_gym/logs/sweep_evaluation/20260612_150259/parkour_new/02-new-terrain-distill/checkpoint_9500/repeat_3/depth_effective_9500.json,/home/zhangmingming/extreme-parkour-distill-nodelay/legged_gym/logs/sweep_evaluation/20260612_150259/parkour_new/02-new-terrain-distill/checkpoint_9500/repeat_3/depth_effective_9500.csv,0.7103174603174603,9.396617741575318,0.8125,0.2619047619047619,0.027777777777777776,0.09860980611474227,
parkour_new,02-new-terrain-distill,parkour_new/02-new-terrain-distill,9500,4,/home/zhangmingming/extreme-parkour-distill-nodelay/legged_gym/logs/sweep_evaluation/20260612_150259/parkour_new/02-new-terrain-distill/checkpoint_9500/repeat_4/depth_effective_9500.json,/home/zhangmingming/extreme-parkour-distill-nodelay/legged_gym/logs/sweep_evaluation/20260612_150259/parkour_new/02-new-terrain-distill/checkpoint_9500/repeat_4/depth_effective_9500.csv,0.6785714285714286,8.933360227516719,0.7941468253968254,0.2896825396825397,0.027777777777777776,0.1144914118620415,
parkour_new,02-new-terrain-distill,parkour_new/02-new-terrain-distill,9500,5,/home/zhangmingming/extreme-parkour-distill-nodelay/legged_gym/logs/sweep_evaluation/20260612_150259/parkour_new/02-new-terrain-distill/checkpoint_9500/repeat_5/depth_effective_9500.json,/home/zhangmingming/extreme-parkour-distill-nodelay/legged_gym/logs/sweep_evaluation/20260612_150259/parkour_new/02-new-terrain-distill/checkpoint_9500/repeat_5/depth_effective_9500.csv,0.7023809523809523,9.185554811405757,0.7976190476190477,0.27380952380952384,0.023809523809523808,0.0978380167611296,
parkour_new,02-new-terrain-distill,parkour_new/02-new-terrain-distill,9500,6,/home/zhangmingming/extreme-parkour-distill-nodelay/legged_gym/logs/sweep_evaluation/20260612_150259/parkour_new/02-new-terrain-distill/checkpoint_9500/repeat_6/depth_effective_9500.json,/home/zhangmingming/extreme-parkour-distill-nodelay/legged_gym/logs/sweep_evaluation/20260612_150259/parkour_new/02-new-terrain-distill/checkpoint_9500/repeat_6/depth_effective_9500.csv,0.6944444444444444,9.129357743357856,0.8030753968253969,0.25396825396825395,0.051587301587301584,0.10668185715514039,
parkour_new,02-new-terrain-distill,parkour_new/02-new-terrain-distill,10000,0,/home/zhangmingming/extreme-parkour-distill-nodelay/legged_gym/logs/sweep_evaluation/20260612_150259/parkour_new/02-new-terrain-distill/checkpoint_10000/repeat_0/depth_effective_10000.json,/home/zhangmingming/extreme-parkour-distill-nodelay/legged_gym/logs/sweep_evaluation/20260612_150259/parkour_new/02-new-terrain-distill/checkpoint_10000/repeat_0/depth_effective_10000.csv,0.623015873015873,8.973272179090788,0.7663690476190477,0.32142857142857145,0.05555555555555555,0.10505366492307316,
parkour_new,02-new-terrain-distill,parkour_new/02-new-terrain-distill,10000,1,/home/zhangmingming/extreme-parkour-distill-nodelay/legged_gym/logs/sweep_evaluation/20260612_150259/parkour_new/02-new-terrain-distill/checkpoint_10000/repeat_1/depth_effective_10000.json,/home/zhangmingming/extreme-parkour-distill-nodelay/legged_gym/logs/sweep_evaluation/20260612_150259/parkour_new/02-new-terrain-distill/checkpoint_10000/repeat_1/depth_effective_10000.csv,0.6388888888888888,8.763793924498179,0.7787698412698413,0.3134920634920635,0.047619047619047616,0.09615999134496725,
parkour_new,02-new-terrain-distill,parkour_new/02-new-terrain-distill,10000,2,/home/zhangmingming/extreme-parkour-distill-nodelay/legged_gym/logs/sweep_evaluation/20260612_150259/parkour_new/02-new-terrain-distill/checkpoint_10000/repeat_2/depth_effective_10000.json,/home/zhangmingming/extreme-parkour-distill-nodelay/legged_gym/logs/sweep_evaluation/20260612_150259/parkour_new/02-new-terrain-distill/checkpoint_10000/repeat_2/depth_effective_10000.csv,0.6626984126984127,8.756532814058046,0.7762896825396826,0.3134920634920635,0.023809523809523808,0.08605916704376046,
parkour_new,02-new-terrain-distill,parkour_new/02-new-terrain-distill,10000,3,/home/zhangmingming/extreme-parkour-distill-nodelay/legged_gym/logs/sweep_evaluation/20260612_150259/parkour_new/02-new-terrain-distill/checkpoint_10000/repeat_3/depth_effective_10000.json,/home/zhangmingming/extreme-parkour-distill-nodelay/legged_gym/logs/sweep_evaluation/20260612_150259/parkour_new/02-new-terrain-distill/checkpoint_10000/repeat_3/depth_effective_10000.csv,0.7063492063492064,9.395038338407637,0.8110119047619048,0.28174603174603174,0.011904761904761904,0.10312750106611755,
parkour_new,02-new-terrain-distill,parkour_new/02-new-terrain-distill,10000,4,/home/zhangmingming/extreme-parkour-distill-nodelay/legged_gym/logs/sweep_evaluation/20260612_150259/parkour_new/02-new-terrain-distill/checkpoint_10000/repeat_4/depth_effective_10000.json,/home/zhangmingming/extreme-parkour-distill-nodelay/legged_gym/logs/sweep_evaluation/20260612_150259/parkour_new/02-new-terrain-distill/checkpoint_10000/repeat_4/depth_effective_10000.csv,0.6944444444444444,9.042507928042184,0.8080357142857143,0.27380952380952384,0.027777777777777776,0.10760521668652544,
parkour_new,02-new-terrain-distill,parkour_new/02-new-terrain-distill,10000,5,/home/zhangmingming/extreme-parkour-distill-nodelay/legged_gym/logs/sweep_evaluation/20260612_150259/parkour_new/02-new-terrain-distill/checkpoint_10000/repeat_5/depth_effective_10000.json,/home/zhangmingming/extreme-parkour-distill-nodelay/legged_gym/logs/sweep_evaluation/20260612_150259/parkour_new/02-new-terrain-distill/checkpoint_10000/repeat_5/depth_effective_10000.csv,0.6984126984126984,9.35459666994829,0.8055555555555556,0.27380952380952384,0.027777777777777776,0.0833674388569493,
parkour_new,02-new-terrain-distill,parkour_new/02-new-terrain-distill,10000,6,/home/zhangmingming/extreme-parkour-distill-nodelay/legged_gym/logs/sweep_evaluation/20260612_150259/parkour_new/02-new-terrain-distill/checkpoint_10000/repeat_6/depth_effective_10000.json,/home/zhangmingming/extreme-parkour-distill-nodelay/legged_gym/logs/sweep_evaluation/20260612_150259/parkour_new/02-new-terrain-distill/checkpoint_10000/repeat_6/depth_effective_10000.csv,0.7142857142857143,9.437839572864865,0.8278769841269841,0.24603174603174602,0.03968253968253968,0.08134487953520848,
parkour_new,02-new-terrain-distill,parkour_new/02-new-terrain-distill,10500,0,/home/zhangmingming/extreme-parkour-distill-nodelay/legged_gym/logs/sweep_evaluation/20260612_150259/parkour_new/02-new-terrain-distill/checkpoint_10500/repeat_0/depth_effective_10500.json,/home/zhangmingming/extreme-parkour-distill-nodelay/legged_gym/logs/sweep_evaluation/20260612_150259/parkour_new/02-new-terrain-distill/checkpoint_10500/repeat_0/depth_effective_10500.csv,0.7023809523809523,9.777955531600922,0.8298611111111112,0.2777777777777778,0.01984126984126984,0.09696942549838783,
parkour_new,02-new-terrain-distill,parkour_new/02-new-terrain-distill,10500,1,/home/zhangmingming/extreme-parkour-distill-nodelay/legged_gym/logs/sweep_evaluation/20260612_150259/parkour_new/02-new-terrain-distill/checkpoint_10500/repeat_1/depth_effective_10500.json,/home/zhangmingming/extreme-parkour-distill-nodelay/legged_gym/logs/sweep_evaluation/20260612_150259/parkour_new/02-new-terrain-distill/checkpoint_10500/repeat_1/depth_effective_10500.csv,0.7142857142857143,9.564064291734544,0.8447420634920635,0.28174603174603174,0.003968253968253968,0.10346028993611593,
parkour_new,02-new-terrain-distill,parkour_new/02-new-terrain-distill,10500,2,/home/zhangmingming/extreme-parkour-distill-nodelay/legged_gym/logs/sweep_evaluation/20260612_150259/parkour_new/02-new-terrain-distill/checkpoint_10500/repeat_2/depth_effective_10500.json,/home/zhangmingming/extreme-parkour-distill-nodelay/legged_gym/logs/sweep_evaluation/20260612_150259/parkour_new/02-new-terrain-distill/checkpoint_10500/repeat_2/depth_effective_10500.csv,0.7182539682539683,9.526511338495073,0.8353174603174603,0.2698412698412698,0.011904761904761904,0.09691304761713511,
parkour_new,02-new-terrain-distill,parkour_new/02-new-terrain-distill,10500,3,/home/zhangmingming/extreme-parkour-distill-nodelay/legged_gym/logs/sweep_evaluation/20260612_150259/parkour_new/02-new-terrain-distill/checkpoint_10500/repeat_3/depth_effective_10500.json,/home/zhangmingming/extreme-parkour-distill-nodelay/legged_gym/logs/sweep_evaluation/20260612_150259/parkour_new/02-new-terrain-distill/checkpoint_10500/repeat_3/depth_effective_10500.csv,0.6865079365079365,9.722451551092995,0.8224206349206349,0.30952380952380953,0.003968253968253968,0.09929189753233408,
parkour_new,02-new-terrain-distill,parkour_new/02-new-terrain-distill,10500,4,/home/zhangmingming/extreme-parkour-distill-nodelay/legged_gym/logs/sweep_evaluation/20260612_150259/parkour_new/02-new-terrain-distill/checkpoint_10500/repeat_4/depth_effective_10500.json,/home/zhangmingming/extreme-parkour-distill-nodelay/legged_gym/logs/sweep_evaluation/20260612_150259/parkour_new/02-new-terrain-distill/checkpoint_10500/repeat_4/depth_effective_10500.csv,0.6785714285714286,9.469437487541683,0.8204365079365079,0.29365079365079366,0.027777777777777776,0.10599697562986117,
parkour_new,02-new-terrain-distill,parkour_new/02-new-terrain-distill,10500,5,/home/zhangmingming/extreme-parkour-distill-nodelay/legged_gym/logs/sweep_evaluation/20260612_150259/parkour_new/02-new-terrain-distill/checkpoint_10500/repeat_5/depth_effective_10500.json,/home/zhangmingming/extreme-parkour-distill-nodelay/legged_gym/logs/sweep_evaluation/20260612_150259/parkour_new/02-new-terrain-distill/checkpoint_10500/repeat_5/depth_effective_10500.csv,0.7182539682539683,9.581185765209652,0.8268849206349206,0.2698412698412698,0.011904761904761904,0.08741657356884558,
parkour_new,02-new-terrain-distill,parkour_new/02-new-terrain-distill,10500,6,/home/zhangmingming/extreme-parkour-distill-nodelay/legged_gym/logs/sweep_evaluation/20260612_150259/parkour_new/02-new-terrain-distill/checkpoint_10500/repeat_6/depth_effective_10500.json,/home/zhangmingming/extreme-parkour-distill-nodelay/legged_gym/logs/sweep_evaluation/20260612_150259/parkour_new/02-new-terrain-distill/checkpoint_10500/repeat_6/depth_effective_10500.csv,0.7142857142857143,9.675156951896728,0.8288690476190477,0.2619047619047619,0.023809523809523808,0.1013367091695863,
parkour_new,02-new-terrain-distill,parkour_new/02-new-terrain-distill,11000,0,/home/zhangmingming/extreme-parkour-distill-nodelay/legged_gym/logs/sweep_evaluation/20260612_150259/parkour_new/02-new-terrain-distill/checkpoint_11000/repeat_0/depth_effective_11000.json,/home/zhangmingming/extreme-parkour-distill-nodelay/legged_gym/logs/sweep_evaluation/20260612_150259/parkour_new/02-new-terrain-distill/checkpoint_11000/repeat_0/depth_effective_11000.csv,0.7063492063492064,9.935061064267915,0.8447420634920635,0.24603174603174602,0.047619047619047616,0.10460096586189908,
parkour_new,02-new-terrain-distill,parkour_new/02-new-terrain-distill,11000,1,/home/zhangmingming/extreme-parkour-distill-nodelay/legged_gym/logs/sweep_evaluation/20260612_150259/parkour_new/02-new-terrain-distill/checkpoint_11000/repeat_1/depth_effective_11000.json,/home/zhangmingming/extreme-parkour-distill-nodelay/legged_gym/logs/sweep_evaluation/20260612_150259/parkour_new/02-new-terrain-distill/checkpoint_11000/repeat_1/depth_effective_11000.csv,0.7301587301587301,9.628239190058103,0.8536706349206349,0.25793650793650796,0.011904761904761904,0.09705218051911921,
parkour_new,02-new-terrain-distill,parkour_new/02-new-terrain-distill,11000,2,/home/zhangmingming/extreme-parkour-distill-nodelay/legged_gym/logs/sweep_evaluation/20260612_150259/parkour_new/02-new-terrain-distill/checkpoint_11000/repeat_2/depth_effective_11000.json,/home/zhangmingming/extreme-parkour-distill-nodelay/legged_gym/logs/sweep_evaluation/20260612_150259/parkour_new/02-new-terrain-distill/checkpoint_11000/repeat_2/depth_effective_11000.csv,0.6904761904761905,9.344880005433446,0.8303571428571429,0.2857142857142857,0.023809523809523808,0.10131584317901164,
parkour_new,02-new-terrain-distill,parkour_new/02-new-terrain-distill,11000,3,/home/zhangmingming/extreme-parkour-distill-nodelay/legged_gym/logs/sweep_evaluation/20260612_150259/parkour_new/02-new-terrain-distill/checkpoint_11000/repeat_3/depth_effective_11000.json,/home/zhangmingming/extreme-parkour-distill-nodelay/legged_gym/logs/sweep_evaluation/20260612_150259/parkour_new/02-new-terrain-distill/checkpoint_11000/repeat_3/depth_effective_11000.csv,0.7142857142857143,9.931500230043653,0.847718253968254,0.24206349206349206,0.04365079365079365,0.09488119594502036,
parkour_new,02-new-terrain-distill,parkour_new/02-new-terrain-distill,11000,4,/home/zhangmingming/extreme-parkour-distill-nodelay/legged_gym/logs/sweep_evaluation/20260612_150259/parkour_new/02-new-terrain-distill/checkpoint_11000/repeat_4/depth_effective_11000.json,/home/zhangmingming/extreme-parkour-distill-nodelay/legged_gym/logs/sweep_evaluation/20260612_150259/parkour_new/02-new-terrain-distill/checkpoint_11000/repeat_4/depth_effective_11000.csv,0.753968253968254,9.711746697151472,0.8616071428571429,0.2222222222222222,0.023809523809523808,0.1058998823335741,
parkour_new,02-new-terrain-distill,parkour_new/02-new-terrain-distill,11000,5,/home/zhangmingming/extreme-parkour-distill-nodelay/legged_gym/logs/sweep_evaluation/20260612_150259/parkour_new/02-new-terrain-distill/checkpoint_11000/repeat_5/depth_effective_11000.json,/home/zhangmingming/extreme-parkour-distill-nodelay/legged_gym/logs/sweep_evaluation/20260612_150259/parkour_new/02-new-terrain-distill/checkpoint_11000/repeat_5/depth_effective_11000.csv,0.7063492063492064,9.768381872110897,0.8402777777777778,0.23809523809523808,0.05555555555555555,0.10024268408971003,
parkour_new,02-new-terrain-distill,parkour_new/02-new-terrain-distill,11000,6,/home/zhangmingming/extreme-parkour-distill-nodelay/legged_gym/logs/sweep_evaluation/20260612_150259/parkour_new/02-new-terrain-distill/checkpoint_11000/repeat_6/depth_effective_11000.json,/home/zhangmingming/extreme-parkour-distill-nodelay/legged_gym/logs/sweep_evaluation/20260612_150259/parkour_new/02-new-terrain-distill/checkpoint_11000/repeat_6/depth_effective_11000.csv,0.7380952380952381,9.869951024178475,0.8571428571428571,0.23015873015873015,0.027777777777777776,0.09145743803526456,
parkour_new,02-new-terrain-distill,parkour_new/02-new-terrain-distill,11500,0,/home/zhangmingming/extreme-parkour-distill-nodelay/legged_gym/logs/sweep_evaluation/20260612_150259/parkour_new/02-new-terrain-distill/checkpoint_11500/repeat_0/depth_effective_11500.json,/home/zhangmingming/extreme-parkour-distill-nodelay/legged_gym/logs/sweep_evaluation/20260612_150259/parkour_new/02-new-terrain-distill/checkpoint_11500/repeat_0/depth_effective_11500.csv,0.7023809523809523,9.609374831829752,0.8194444444444444,0.2777777777777778,0.011904761904761904,0.09009953561054947,
parkour_new,02-new-terrain-distill,parkour_new/02-new-terrain-distill,11500,1,/home/zhangmingming/extreme-parkour-distill-nodelay/legged_gym/logs/sweep_evaluation/20260612_150259/parkour_new/02-new-terrain-distill/checkpoint_11500/repeat_1/depth_effective_11500.json,/home/zhangmingming/extreme-parkour-distill-nodelay/legged_gym/logs/sweep_evaluation/20260612_150259/parkour_new/02-new-terrain-distill/checkpoint_11500/repeat_1/depth_effective_11500.csv,0.6904761904761905,8.805005624417275,0.7901785714285714,0.2976190476190476,0.011904761904761904,0.08706612188812626,
parkour_new,02-new-terrain-distill,parkour_new/02-new-terrain-distill,11500,2,/home/zhangmingming/extreme-parkour-distill-nodelay/legged_gym/logs/sweep_evaluation/20260612_150259/parkour_new/02-new-terrain-distill/checkpoint_11500/repeat_2/depth_effective_11500.json,/home/zhangmingming/extreme-parkour-distill-nodelay/legged_gym/logs/sweep_evaluation/20260612_150259/parkour_new/02-new-terrain-distill/checkpoint_11500/repeat_2/depth_effective_11500.csv,0.7103174603174603,8.98410831675643,0.8045634920634921,0.2857142857142857,0.003968253968253968,0.09231072493378259,
parkour_new,02-new-terrain-distill,parkour_new/02-new-terrain-distill,11500,3,/home/zhangmingming/extreme-parkour-distill-nodelay/legged_gym/logs/sweep_evaluation/20260612_150259/parkour_new/02-new-terrain-distill/checkpoint_11500/repeat_3/depth_effective_11500.json,/home/zhangmingming/extreme-parkour-distill-nodelay/legged_gym/logs/sweep_evaluation/20260612_150259/parkour_new/02-new-terrain-distill/checkpoint_11500/repeat_3/depth_effective_11500.csv,0.6904761904761905,9.523781444818255,0.8154761904761905,0.28174603174603174,0.027777777777777776,0.11072800412958704,
parkour_new,02-new-terrain-distill,parkour_new/02-new-terrain-distill,11500,4,/home/zhangmingming/extreme-parkour-distill-nodelay/legged_gym/logs/sweep_evaluation/20260612_150259/parkour_new/02-new-terrain-distill/checkpoint_11500/repeat_4/depth_effective_11500.json,/home/zhangmingming/extreme-parkour-distill-nodelay/legged_gym/logs/sweep_evaluation/20260612_150259/parkour_new/02-new-terrain-distill/checkpoint_11500/repeat_4/depth_effective_11500.csv,0.6984126984126984,9.127322034230309,0.8095238095238095,0.2976190476190476,0.003968253968253968,0.09869526563463185,
parkour_new,02-new-terrain-distill,parkour_new/02-new-terrain-distill,11500,5,/home/zhangmingming/extreme-parkour-distill-nodelay/legged_gym/logs/sweep_evaluation/20260612_150259/parkour_new/02-new-terrain-distill/checkpoint_11500/repeat_5/depth_effective_11500.json,/home/zhangmingming/extreme-parkour-distill-nodelay/legged_gym/logs/sweep_evaluation/20260612_150259/parkour_new/02-new-terrain-distill/checkpoint_11500/repeat_5/depth_effective_11500.csv,0.6984126984126984,9.280850007420494,0.8055555555555556,0.2976190476190476,0.003968253968253968,0.08549530614041716,
parkour_new,02-new-terrain-distill,parkour_new/02-new-terrain-distill,11500,6,/home/zhangmingming/extreme-parkour-distill-nodelay/legged_gym/logs/sweep_evaluation/20260612_150259/parkour_new/02-new-terrain-distill/checkpoint_11500/repeat_6/depth_effective_11500.json,/home/zhangmingming/extreme-parkour-distill-nodelay/legged_gym/logs/sweep_evaluation/20260612_150259/parkour_new/02-new-terrain-distill/checkpoint_11500/repeat_6/depth_effective_11500.csv,0.7301587301587301,9.483809591758819,0.8234126984126984,0.2619047619047619,0.007936507936507936,0.08838998039638571,
parkour_new,02-new-terrain-distill,parkour_new/02-new-terrain-distill,12000,0,/home/zhangmingming/extreme-parkour-distill-nodelay/legged_gym/logs/sweep_evaluation/20260612_150259/parkour_new/02-new-terrain-distill/checkpoint_12000/repeat_0/depth_effective_12000.json,/home/zhangmingming/extreme-parkour-distill-nodelay/legged_gym/logs/sweep_evaluation/20260612_150259/parkour_new/02-new-terrain-distill/checkpoint_12000/repeat_0/depth_effective_12000.csv,0.5952380952380952,8.888016739298427,0.75,0.32142857142857145,0.08333333333333333,0.09694304695382855,
parkour_new,02-new-terrain-distill,parkour_new/02-new-terrain-distill,12000,1,/home/zhangmingming/extreme-parkour-distill-nodelay/legged_gym/logs/sweep_evaluation/20260612_150259/parkour_new/02-new-terrain-distill/checkpoint_12000/repeat_1/depth_effective_12000.json,/home/zhangmingming/extreme-parkour-distill-nodelay/legged_gym/logs/sweep_evaluation/20260612_150259/parkour_new/02-new-terrain-distill/checkpoint_12000/repeat_1/depth_effective_12000.csv,0.626984126984127,8.888454462800707,0.7862103174603174,0.2976190476190476,0.07539682539682539,0.07535118516514465,
parkour_new,02-new-terrain-distill,parkour_new/02-new-terrain-distill,12000,2,/home/zhangmingming/extreme-parkour-distill-nodelay/legged_gym/logs/sweep_evaluation/20260612_150259/parkour_new/02-new-terrain-distill/checkpoint_12000/repeat_2/depth_effective_12000.json,/home/zhangmingming/extreme-parkour-distill-nodelay/legged_gym/logs/sweep_evaluation/20260612_150259/parkour_new/02-new-terrain-distill/checkpoint_12000/repeat_2/depth_effective_12000.csv,0.6507936507936508,8.988115211091344,0.7896825396825397,0.3055555555555556,0.04365079365079365,0.08723681326775956,
parkour_new,02-new-terrain-distill,parkour_new/02-new-terrain-distill,12000,3,/home/zhangmingming/extreme-parkour-distill-nodelay/legged_gym/logs/sweep_evaluation/20260612_150259/parkour_new/02-new-terrain-distill/checkpoint_12000/repeat_3/depth_effective_12000.json,/home/zhangmingming/extreme-parkour-distill-nodelay/legged_gym/logs/sweep_evaluation/20260612_150259/parkour_new/02-new-terrain-distill/checkpoint_12000/repeat_3/depth_effective_12000.csv,0.6190476190476191,9.04591994011213,0.7708333333333334,0.30158730158730157,0.07539682539682539,0.08461556841447061,
parkour_new,02-new-terrain-distill,parkour_new/02-new-terrain-distill,12000,4,/home/zhangmingming/extreme-parkour-distill-nodelay/legged_gym/logs/sweep_evaluation/20260612_150259/parkour_new/02-new-terrain-distill/checkpoint_12000/repeat_4/depth_effective_12000.json,/home/zhangmingming/extreme-parkour-distill-nodelay/legged_gym/logs/sweep_evaluation/20260612_150259/parkour_new/02-new-terrain-distill/checkpoint_12000/repeat_4/depth_effective_12000.csv,0.6825396825396826,8.987354210917912,0.7946428571428571,0.2619047619047619,0.05555555555555555,0.10116848417954041,
parkour_new,02-new-terrain-distill,parkour_new/02-new-terrain-distill,12000,5,/home/zhangmingming/extreme-parkour-distill-nodelay/legged_gym/logs/sweep_evaluation/20260612_150259/parkour_new/02-new-terrain-distill/checkpoint_12000/repeat_5/depth_effective_12000.json,/home/zhangmingming/extreme-parkour-distill-nodelay/legged_gym/logs/sweep_evaluation/20260612_150259/parkour_new/02-new-terrain-distill/checkpoint_12000/repeat_5/depth_effective_12000.csv,0.6626984126984127,9.273631372385555,0.7966269841269841,0.25,0.08333333333333333,0.06800290047390213,
parkour_new,02-new-terrain-distill,parkour_new/02-new-terrain-distill,12000,6,/home/zhangmingming/extreme-parkour-distill-nodelay/legged_gym/logs/sweep_evaluation/20260612_150259/parkour_new/02-new-terrain-distill/checkpoint_12000/repeat_6/depth_effective_12000.json,/home/zhangmingming/extreme-parkour-distill-nodelay/legged_gym/logs/sweep_evaluation/20260612_150259/parkour_new/02-new-terrain-distill/checkpoint_12000/repeat_6/depth_effective_12000.csv,0.7063492063492064,9.711574935014285,0.8293650793650794,0.23015873015873015,0.06349206349206349,0.08108311981855607,
parkour_new,02-new-terrain-distill,parkour_new/02-new-terrain-distill,12500,0,/home/zhangmingming/extreme-parkour-distill-nodelay/legged_gym/logs/sweep_evaluation/20260612_150259/parkour_new/02-new-terrain-distill/checkpoint_12500/repeat_0/depth_effective_12500.json,/home/zhangmingming/extreme-parkour-distill-nodelay/legged_gym/logs/sweep_evaluation/20260612_150259/parkour_new/02-new-terrain-distill/checkpoint_12500/repeat_0/depth_effective_12500.csv,0.5992063492063492,8.925946771388961,0.7658730158730159,0.3412698412698413,0.051587301587301584,0.10110075715825864,
parkour_new,02-new-terrain-distill,parkour_new/02-new-terrain-distill,12500,1,/home/zhangmingming/extreme-parkour-distill-nodelay/legged_gym/logs/sweep_evaluation/20260612_150259/parkour_new/02-new-terrain-distill/checkpoint_12500/repeat_1/depth_effective_12500.json,/home/zhangmingming/extreme-parkour-distill-nodelay/legged_gym/logs/sweep_evaluation/20260612_150259/parkour_new/02-new-terrain-distill/checkpoint_12500/repeat_1/depth_effective_12500.csv,0.6626984126984127,8.839909368327685,0.7896825396825397,0.2976190476190476,0.031746031746031744,0.1124980167207238,
parkour_new,02-new-terrain-distill,parkour_new/02-new-terrain-distill,12500,2,/home/zhangmingming/extreme-parkour-distill-nodelay/legged_gym/logs/sweep_evaluation/20260612_150259/parkour_new/02-new-terrain-distill/checkpoint_12500/repeat_2/depth_effective_12500.json,/home/zhangmingming/extreme-parkour-distill-nodelay/legged_gym/logs/sweep_evaluation/20260612_150259/parkour_new/02-new-terrain-distill/checkpoint_12500/repeat_2/depth_effective_12500.csv,0.626984126984127,8.716338839559327,0.777281746031746,0.31746031746031744,0.05555555555555555,0.11687871130951301,
parkour_new,02-new-terrain-distill,parkour_new/02-new-terrain-distill,12500,3,/home/zhangmingming/extreme-parkour-distill-nodelay/legged_gym/logs/sweep_evaluation/20260612_150259/parkour_new/02-new-terrain-distill/checkpoint_12500/repeat_3/depth_effective_12500.json,/home/zhangmingming/extreme-parkour-distill-nodelay/legged_gym/logs/sweep_evaluation/20260612_150259/parkour_new/02-new-terrain-distill/checkpoint_12500/repeat_3/depth_effective_12500.csv,0.6746031746031746,9.41376450823413,0.8075396825396826,0.26587301587301587,0.05952380952380952,0.11913153646453305,
parkour_new,02-new-terrain-distill,parkour_new/02-new-terrain-distill,12500,4,/home/zhangmingming/extreme-parkour-distill-nodelay/legged_gym/logs/sweep_evaluation/20260612_150259/parkour_new/02-new-terrain-distill/checkpoint_12500/repeat_4/depth_effective_12500.json,/home/zhangmingming/extreme-parkour-distill-nodelay/legged_gym/logs/sweep_evaluation/20260612_150259/parkour_new/02-new-terrain-distill/checkpoint_12500/repeat_4/depth_effective_12500.csv,0.6944444444444444,9.352362916110055,0.8224206349206349,0.25,0.047619047619047616,0.1347947358173431,
parkour_new,02-new-terrain-distill,parkour_new/02-new-terrain-distill,12500,5,/home/zhangmingming/extreme-parkour-distill-nodelay/legged_gym/logs/sweep_evaluation/20260612_150259/parkour_new/02-new-terrain-distill/checkpoint_12500/repeat_5/depth_effective_12500.json,/home/zhangmingming/extreme-parkour-distill-nodelay/legged_gym/logs/sweep_evaluation/20260612_150259/parkour_new/02-new-terrain-distill/checkpoint_12500/repeat_5/depth_effective_12500.csv,0.6587301587301587,9.163824555656266,0.7926587301587301,0.28174603174603174,0.05952380952380952,0.1124988438205433,
parkour_new,02-new-terrain-distill,parkour_new/02-new-terrain-distill,12500,6,/home/zhangmingming/extreme-parkour-distill-nodelay/legged_gym/logs/sweep_evaluation/20260612_150259/parkour_new/02-new-terrain-distill/checkpoint_12500/repeat_6/depth_effective_12500.json,/home/zhangmingming/extreme-parkour-distill-nodelay/legged_gym/logs/sweep_evaluation/20260612_150259/parkour_new/02-new-terrain-distill/checkpoint_12500/repeat_6/depth_effective_12500.csv,0.6944444444444444,9.421729958719677,0.8229166666666666,0.24603174603174602,0.05555555555555555,0.11730135939615446,
parkour_new,02-new-terrain-distill,parkour_new/02-new-terrain-distill,13000,0,/home/zhangmingming/extreme-parkour-distill-nodelay/legged_gym/logs/sweep_evaluation/20260612_150259/parkour_new/02-new-terrain-distill/checkpoint_13000/repeat_0/depth_effective_13000.json,/home/zhangmingming/extreme-parkour-distill-nodelay/legged_gym/logs/sweep_evaluation/20260612_150259/parkour_new/02-new-terrain-distill/checkpoint_13000/repeat_0/depth_effective_13000.csv,0.5277777777777778,8.057675245498855,0.6929563492063492,0.3888888888888889,0.08333333333333333,0.10893897054069436,
parkour_new,02-new-terrain-distill,parkour_new/02-new-terrain-distill,13000,1,/home/zhangmingming/extreme-parkour-distill-nodelay/legged_gym/logs/sweep_evaluation/20260612_150259/parkour_new/02-new-terrain-distill/checkpoint_13000/repeat_1/depth_effective_13000.json,/home/zhangmingming/extreme-parkour-distill-nodelay/legged_gym/logs/sweep_evaluation/20260612_150259/parkour_new/02-new-terrain-distill/checkpoint_13000/repeat_1/depth_effective_13000.csv,0.5833333333333334,8.004425603245933,0.7127976190476191,0.40476190476190477,0.011904761904761904,0.1129226837972586,
parkour_new,02-new-terrain-distill,parkour_new/02-new-terrain-distill,13000,2,/home/zhangmingming/extreme-parkour-distill-nodelay/legged_gym/logs/sweep_evaluation/20260612_150259/parkour_new/02-new-terrain-distill/checkpoint_13000/repeat_2/depth_effective_13000.json,/home/zhangmingming/extreme-parkour-distill-nodelay/legged_gym/logs/sweep_evaluation/20260612_150259/parkour_new/02-new-terrain-distill/checkpoint_13000/repeat_2/depth_effective_13000.csv,0.6111111111111112,8.51686698884245,0.7544642857142857,0.3492063492063492,0.03571428571428571,0.10919595121857885,
parkour_new,02-new-terrain-distill,parkour_new/02-new-terrain-distill,13000,3,/home/zhangmingming/extreme-parkour-distill-nodelay/legged_gym/logs/sweep_evaluation/20260612_150259/parkour_new/02-new-terrain-distill/checkpoint_13000/repeat_3/depth_effective_13000.json,/home/zhangmingming/extreme-parkour-distill-nodelay/legged_gym/logs/sweep_evaluation/20260612_150259/parkour_new/02-new-terrain-distill/checkpoint_13000/repeat_3/depth_effective_13000.csv,0.5793650793650794,8.516524323868373,0.7202380952380952,0.373015873015873,0.047619047619047616,0.12227109359093823,
parkour_new,02-new-terrain-distill,parkour_new/02-new-terrain-distill,13000,4,/home/zhangmingming/extreme-parkour-distill-nodelay/legged_gym/logs/sweep_evaluation/20260612_150259/parkour_new/02-new-terrain-distill/checkpoint_13000/repeat_4/depth_effective_13000.json,/home/zhangmingming/extreme-parkour-distill-nodelay/legged_gym/logs/sweep_evaluation/20260612_150259/parkour_new/02-new-terrain-distill/checkpoint_13000/repeat_4/depth_effective_13000.csv,0.626984126984127,8.615900526444117,0.7609126984126984,0.31746031746031744,0.051587301587301584,0.13155037439313397,
parkour_new,02-new-terrain-distill,parkour_new/02-new-terrain-distill,13000,5,/home/zhangmingming/extreme-parkour-distill-nodelay/legged_gym/logs/sweep_evaluation/20260612_150259/parkour_new/02-new-terrain-distill/checkpoint_13000/repeat_5/depth_effective_13000.json,/home/zhangmingming/extreme-parkour-distill-nodelay/legged_gym/logs/sweep_evaluation/20260612_150259/parkour_new/02-new-terrain-distill/checkpoint_13000/repeat_5/depth_effective_13000.csv,0.6309523809523809,8.704315449273775,0.7509920634920635,0.30952380952380953,0.05952380952380952,0.10052316906875879,
parkour_new,02-new-terrain-distill,parkour_new/02-new-terrain-distill,13000,6,/home/zhangmingming/extreme-parkour-distill-nodelay/legged_gym/logs/sweep_evaluation/20260612_150259/parkour_new/02-new-terrain-distill/checkpoint_13000/repeat_6/depth_effective_13000.json,/home/zhangmingming/extreme-parkour-distill-nodelay/legged_gym/logs/sweep_evaluation/20260612_150259/parkour_new/02-new-terrain-distill/checkpoint_13000/repeat_6/depth_effective_13000.csv,0.6547619047619048,8.88304580629818,0.7782738095238095,0.2619047619047619,0.07936507936507936,0.1197571501483586,
parkour_new,02-new-terrain-distill,parkour_new/02-new-terrain-distill,13500,0,/home/zhangmingming/extreme-parkour-distill-nodelay/legged_gym/logs/sweep_evaluation/20260612_150259/parkour_new/02-new-terrain-distill/checkpoint_13500/repeat_0/depth_effective_13500.json,/home/zhangmingming/extreme-parkour-distill-nodelay/legged_gym/logs/sweep_evaluation/20260612_150259/parkour_new/02-new-terrain-distill/checkpoint_13500/repeat_0/depth_effective_13500.csv,0.6587301587301587,9.456141983469328,0.7981150793650794,0.2976190476190476,0.04365079365079365,0.09178254269222734,
parkour_new,02-new-terrain-distill,parkour_new/02-new-terrain-distill,13500,1,/home/zhangmingming/extreme-parkour-distill-nodelay/legged_gym/logs/sweep_evaluation/20260612_150259/parkour_new/02-new-terrain-distill/checkpoint_13500/repeat_1/depth_effective_13500.json,/home/zhangmingming/extreme-parkour-distill-nodelay/legged_gym/logs/sweep_evaluation/20260612_150259/parkour_new/02-new-terrain-distill/checkpoint_13500/repeat_1/depth_effective_13500.csv,0.6944444444444444,9.264891069559823,0.8224206349206349,0.2896825396825397,0.015873015873015872,0.08950063331860801,
parkour_new,02-new-terrain-distill,parkour_new/02-new-terrain-distill,13500,2,/home/zhangmingming/extreme-parkour-distill-nodelay/legged_gym/logs/sweep_evaluation/20260612_150259/parkour_new/02-new-terrain-distill/checkpoint_13500/repeat_2/depth_effective_13500.json,/home/zhangmingming/extreme-parkour-distill-nodelay/legged_gym/logs/sweep_evaluation/20260612_150259/parkour_new/02-new-terrain-distill/checkpoint_13500/repeat_2/depth_effective_13500.csv,0.6785714285714286,8.95739446509452,0.7911706349206349,0.30158730158730157,0.01984126984126984,0.10946217330102184,
parkour_new,02-new-terrain-distill,parkour_new/02-new-terrain-distill,13500,3,/home/zhangmingming/extreme-parkour-distill-nodelay/legged_gym/logs/sweep_evaluation/20260612_150259/parkour_new/02-new-terrain-distill/checkpoint_13500/repeat_3/depth_effective_13500.json,/home/zhangmingming/extreme-parkour-distill-nodelay/legged_gym/logs/sweep_evaluation/20260612_150259/parkour_new/02-new-terrain-distill/checkpoint_13500/repeat_3/depth_effective_13500.csv,0.6706349206349206,9.412025894437518,0.8025793650793651,0.3134920634920635,0.015873015873015872,0.10978366877539983,
parkour_new,02-new-terrain-distill,parkour_new/02-new-terrain-distill,13500,4,/home/zhangmingming/extreme-parkour-distill-nodelay/legged_gym/logs/sweep_evaluation/20260612_150259/parkour_new/02-new-terrain-distill/checkpoint_13500/repeat_4/depth_effective_13500.json,/home/zhangmingming/extreme-parkour-distill-nodelay/legged_gym/logs/sweep_evaluation/20260612_150259/parkour_new/02-new-terrain-distill/checkpoint_13500/repeat_4/depth_effective_13500.csv,0.6785714285714286,9.4517200418881,0.8184523809523809,0.32142857142857145,0.0,0.12213632122705598,
parkour_new,02-new-terrain-distill,parkour_new/02-new-terrain-distill,13500,5,/home/zhangmingming/extreme-parkour-distill-nodelay/legged_gym/logs/sweep_evaluation/20260612_150259/parkour_new/02-new-terrain-distill/checkpoint_13500/repeat_5/depth_effective_13500.json,/home/zhangmingming/extreme-parkour-distill-nodelay/legged_gym/logs/sweep_evaluation/20260612_150259/parkour_new/02-new-terrain-distill/checkpoint_13500/repeat_5/depth_effective_13500.csv,0.6746031746031746,9.323953664255521,0.8035714285714286,0.28174603174603174,0.04365079365079365,0.09824254813499202,
parkour_new,02-new-terrain-distill,parkour_new/02-new-terrain-distill,13500,6,/home/zhangmingming/extreme-parkour-distill-nodelay/legged_gym/logs/sweep_evaluation/20260612_150259/parkour_new/02-new-terrain-distill/checkpoint_13500/repeat_6/depth_effective_13500.json,/home/zhangmingming/extreme-parkour-distill-nodelay/legged_gym/logs/sweep_evaluation/20260612_150259/parkour_new/02-new-terrain-distill/checkpoint_13500/repeat_6/depth_effective_13500.csv,0.6547619047619048,9.225820782165679,0.7941468253968254,0.30158730158730157,0.04365079365079365,0.08931060039652078,
parkour_new,02-new-terrain-distill,parkour_new/02-new-terrain-distill,14000,0,/home/zhangmingming/extreme-parkour-distill-nodelay/legged_gym/logs/sweep_evaluation/20260612_150259/parkour_new/02-new-terrain-distill/checkpoint_14000/repeat_0/depth_effective_14000.json,/home/zhangmingming/extreme-parkour-distill-nodelay/legged_gym/logs/sweep_evaluation/20260612_150259/parkour_new/02-new-terrain-distill/checkpoint_14000/repeat_0/depth_effective_14000.csv,0.6111111111111112,9.124685606549656,0.7668650793650794,0.2896825396825397,0.0992063492063492,0.08547632477922106,
parkour_new,02-new-terrain-distill,parkour_new/02-new-terrain-distill,14000,1,/home/zhangmingming/extreme-parkour-distill-nodelay/legged_gym/logs/sweep_evaluation/20260612_150259/parkour_new/02-new-terrain-distill/checkpoint_14000/repeat_1/depth_effective_14000.json,/home/zhangmingming/extreme-parkour-distill-nodelay/legged_gym/logs/sweep_evaluation/20260612_150259/parkour_new/02-new-terrain-distill/checkpoint_14000/repeat_1/depth_effective_14000.csv,0.6666666666666666,9.15568966170152,0.8040674603174603,0.2619047619047619,0.07142857142857142,0.09387973580306827,
parkour_new,02-new-terrain-distill,parkour_new/02-new-terrain-distill,14000,2,/home/zhangmingming/extreme-parkour-distill-nodelay/legged_gym/logs/sweep_evaluation/20260612_150259/parkour_new/02-new-terrain-distill/checkpoint_14000/repeat_2/depth_effective_14000.json,/home/zhangmingming/extreme-parkour-distill-nodelay/legged_gym/logs/sweep_evaluation/20260612_150259/parkour_new/02-new-terrain-distill/checkpoint_14000/repeat_2/depth_effective_14000.csv,0.623015873015873,8.685062914377166,0.7579365079365079,0.2896825396825397,0.0873015873015873,0.1039859468512834,
parkour_new,02-new-terrain-distill,parkour_new/02-new-terrain-distill,14000,3,/home/zhangmingming/extreme-parkour-distill-nodelay/legged_gym/logs/sweep_evaluation/20260612_150259/parkour_new/02-new-terrain-distill/checkpoint_14000/repeat_3/depth_effective_14000.json,/home/zhangmingming/extreme-parkour-distill-nodelay/legged_gym/logs/sweep_evaluation/20260612_150259/parkour_new/02-new-terrain-distill/checkpoint_14000/repeat_3/depth_effective_14000.csv,0.623015873015873,9.09961500054314,0.7713293650793651,0.3055555555555556,0.07142857142857142,0.09557040455380876,
parkour_new,02-new-terrain-distill,parkour_new/02-new-terrain-distill,14000,4,/home/zhangmingming/extreme-parkour-distill-nodelay/legged_gym/logs/sweep_evaluation/20260612_150259/parkour_new/02-new-terrain-distill/checkpoint_14000/repeat_4/depth_effective_14000.json,/home/zhangmingming/extreme-parkour-distill-nodelay/legged_gym/logs/sweep_evaluation/20260612_150259/parkour_new/02-new-terrain-distill/checkpoint_14000/repeat_4/depth_effective_14000.csv,0.6507936507936508,8.95797360321832,0.7827380952380952,0.2857142857142857,0.06349206349206349,0.10741863119769796,
parkour_new,02-new-terrain-distill,parkour_new/02-new-terrain-distill,14000,5,/home/zhangmingming/extreme-parkour-distill-nodelay/legged_gym/logs/sweep_evaluation/20260612_150259/parkour_new/02-new-terrain-distill/checkpoint_14000/repeat_5/depth_effective_14000.json,/home/zhangmingming/extreme-parkour-distill-nodelay/legged_gym/logs/sweep_evaluation/20260612_150259/parkour_new/02-new-terrain-distill/checkpoint_14000/repeat_5/depth_effective_14000.csv,0.6547619047619048,8.988326704454801,0.7787698412698413,0.2698412698412698,0.07539682539682539,0.08841966292871258,
parkour_new,02-new-terrain-distill,parkour_new/02-new-terrain-distill,14000,6,/home/zhangmingming/extreme-parkour-distill-nodelay/legged_gym/logs/sweep_evaluation/20260612_150259/parkour_new/02-new-terrain-distill/checkpoint_14000/repeat_6/depth_effective_14000.json,/home/zhangmingming/extreme-parkour-distill-nodelay/legged_gym/logs/sweep_evaluation/20260612_150259/parkour_new/02-new-terrain-distill/checkpoint_14000/repeat_6/depth_effective_14000.csv,0.6785714285714286,9.31278978406437,0.8040674603174603,0.25793650793650796,0.06349206349206349,0.08926512471658107,
parkour_new,02-new-terrain-distill,parkour_new/02-new-terrain-distill,14500,0,/home/zhangmingming/extreme-parkour-distill-nodelay/legged_gym/logs/sweep_evaluation/20260612_150259/parkour_new/02-new-terrain-distill/checkpoint_14500/repeat_0/depth_effective_14500.json,/home/zhangmingming/extreme-parkour-distill-nodelay/legged_gym/logs/sweep_evaluation/20260612_150259/parkour_new/02-new-terrain-distill/checkpoint_14500/repeat_0/depth_effective_14500.csv,0.5753968253968254,8.694625402490297,0.7336309523809523,0.3492063492063492,0.07539682539682539,0.09389888493436381,
parkour_new,02-new-terrain-distill,parkour_new/02-new-terrain-distill,14500,1,/home/zhangmingming/extreme-parkour-distill-nodelay/legged_gym/logs/sweep_evaluation/20260612_150259/parkour_new/02-new-terrain-distill/checkpoint_14500/repeat_1/depth_effective_14500.json,/home/zhangmingming/extreme-parkour-distill-nodelay/legged_gym/logs/sweep_evaluation/20260612_150259/parkour_new/02-new-terrain-distill/checkpoint_14500/repeat_1/depth_effective_14500.csv,0.5793650793650794,8.18428984804759,0.71875,0.36904761904761907,0.051587301587301584,0.10178772684684458,
parkour_new,02-new-terrain-distill,parkour_new/02-new-terrain-distill,14500,2,/home/zhangmingming/extreme-parkour-distill-nodelay/legged_gym/logs/sweep_evaluation/20260612_150259/parkour_new/02-new-terrain-distill/checkpoint_14500/repeat_2/depth_effective_14500.json,/home/zhangmingming/extreme-parkour-distill-nodelay/legged_gym/logs/sweep_evaluation/20260612_150259/parkour_new/02-new-terrain-distill/checkpoint_14500/repeat_2/depth_effective_14500.csv,0.6031746031746031,8.27396341022991,0.7326388888888888,0.3531746031746032,0.04365079365079365,0.09062835392675658,
parkour_new,02-new-terrain-distill,parkour_new/02-new-terrain-distill,14500,3,/home/zhangmingming/extreme-parkour-distill-nodelay/legged_gym/logs/sweep_evaluation/20260612_150259/parkour_new/02-new-terrain-distill/checkpoint_14500/repeat_3/depth_effective_14500.json,/home/zhangmingming/extreme-parkour-distill-nodelay/legged_gym/logs/sweep_evaluation/20260612_150259/parkour_new/02-new-terrain-distill/checkpoint_14500/repeat_3/depth_effective_14500.csv,0.5952380952380952,8.653716586884999,0.7316468253968254,0.35714285714285715,0.047619047619047616,0.10119961723244882,
parkour_new,02-new-terrain-distill,parkour_new/02-new-terrain-distill,14500,4,/home/zhangmingming/extreme-parkour-distill-nodelay/legged_gym/logs/sweep_evaluation/20260612_150259/parkour_new/02-new-terrain-distill/checkpoint_14500/repeat_4/depth_effective_14500.json,/home/zhangmingming/extreme-parkour-distill-nodelay/legged_gym/logs/sweep_evaluation/20260612_150259/parkour_new/02-new-terrain-distill/checkpoint_14500/repeat_4/depth_effective_14500.csv,0.6309523809523809,8.61424199219734,0.7470238095238095,0.3531746031746032,0.015873015873015872,0.10933944108078926,
parkour_new,02-new-terrain-distill,parkour_new/02-new-terrain-distill,14500,5,/home/zhangmingming/extreme-parkour-distill-nodelay/legged_gym/logs/sweep_evaluation/20260612_150259/parkour_new/02-new-terrain-distill/checkpoint_14500/repeat_5/depth_effective_14500.json,/home/zhangmingming/extreme-parkour-distill-nodelay/legged_gym/logs/sweep_evaluation/20260612_150259/parkour_new/02-new-terrain-distill/checkpoint_14500/repeat_5/depth_effective_14500.csv,0.6428571428571429,8.819574748476347,0.7594246031746031,0.30952380952380953,0.047619047619047616,0.09908842032762334,
parkour_new,02-new-terrain-distill,parkour_new/02-new-terrain-distill,14500,6,/home/zhangmingming/extreme-parkour-distill-nodelay/legged_gym/logs/sweep_evaluation/20260612_150259/parkour_new/02-new-terrain-distill/checkpoint_14500/repeat_6/depth_effective_14500.json,/home/zhangmingming/extreme-parkour-distill-nodelay/legged_gym/logs/sweep_evaluation/20260612_150259/parkour_new/02-new-terrain-distill/checkpoint_14500/repeat_6/depth_effective_14500.csv,0.6666666666666666,8.871631879891668,0.7703373015873016,0.2896825396825397,0.04365079365079365,0.09236637517090368,
parkour_new,02-new-terrain-distill,parkour_new/02-new-terrain-distill,15000,0,/home/zhangmingming/extreme-parkour-distill-nodelay/legged_gym/logs/sweep_evaluation/20260612_150259/parkour_new/02-new-terrain-distill/checkpoint_15000/repeat_0/depth_effective_15000.json,/home/zhangmingming/extreme-parkour-distill-nodelay/legged_gym/logs/sweep_evaluation/20260612_150259/parkour_new/02-new-terrain-distill/checkpoint_15000/repeat_0/depth_effective_15000.csv,0.5515873015873016,8.652211290739832,0.7346230158730159,0.376984126984127,0.07142857142857142,0.08976448500587195,
parkour_new,02-new-terrain-distill,parkour_new/02-new-terrain-distill,15000,1,/home/zhangmingming/extreme-parkour-distill-nodelay/legged_gym/logs/sweep_evaluation/20260612_150259/parkour_new/02-new-terrain-distill/checkpoint_15000/repeat_1/depth_effective_15000.json,/home/zhangmingming/extreme-parkour-distill-nodelay/legged_gym/logs/sweep_evaluation/20260612_150259/parkour_new/02-new-terrain-distill/checkpoint_15000/repeat_1/depth_effective_15000.csv,0.5317460317460317,7.9568334772946345,0.7038690476190477,0.38095238095238093,0.0873015873015873,0.09675188913327541,
parkour_new,02-new-terrain-distill,parkour_new/02-new-terrain-distill,15000,2,/home/zhangmingming/extreme-parkour-distill-nodelay/legged_gym/logs/sweep_evaluation/20260612_150259/parkour_new/02-new-terrain-distill/checkpoint_15000/repeat_2/depth_effective_15000.json,/home/zhangmingming/extreme-parkour-distill-nodelay/legged_gym/logs/sweep_evaluation/20260612_150259/parkour_new/02-new-terrain-distill/checkpoint_15000/repeat_2/depth_effective_15000.csv,0.5634920634920635,8.311327954606405,0.7321428571428571,0.38095238095238093,0.051587301587301584,0.10630976297816755,
parkour_new,02-new-terrain-distill,parkour_new/02-new-terrain-distill,15000,3,/home/zhangmingming/extreme-parkour-distill-nodelay/legged_gym/logs/sweep_evaluation/20260612_150259/parkour_new/02-new-terrain-distill/checkpoint_15000/repeat_3/depth_effective_15000.json,/home/zhangmingming/extreme-parkour-distill-nodelay/legged_gym/logs/sweep_evaluation/20260612_150259/parkour_new/02-new-terrain-distill/checkpoint_15000/repeat_3/depth_effective_15000.csv,0.5912698412698413,8.9106287258485,0.7564484126984127,0.3531746031746032,0.05555555555555555,0.10449093745418216,
parkour_new,02-new-terrain-distill,parkour_new/02-new-terrain-distill,15000,4,/home/zhangmingming/extreme-parkour-distill-nodelay/legged_gym/logs/sweep_evaluation/20260612_150259/parkour_new/02-new-terrain-distill/checkpoint_15000/repeat_4/depth_effective_15000.json,/home/zhangmingming/extreme-parkour-distill-nodelay/legged_gym/logs/sweep_evaluation/20260612_150259/parkour_new/02-new-terrain-distill/checkpoint_15000/repeat_4/depth_effective_15000.csv,0.6666666666666666,8.861962143390897,0.7837301587301587,0.29365079365079366,0.03968253968253968,0.1166730675019045,
parkour_new,02-new-terrain-distill,parkour_new/02-new-terrain-distill,15000,5,/home/zhangmingming/extreme-parkour-distill-nodelay/legged_gym/logs/sweep_evaluation/20260612_150259/parkour_new/02-new-terrain-distill/checkpoint_15000/repeat_5/depth_effective_15000.json,/home/zhangmingming/extreme-parkour-distill-nodelay/legged_gym/logs/sweep_evaluation/20260612_150259/parkour_new/02-new-terrain-distill/checkpoint_15000/repeat_5/depth_effective_15000.csv,0.6388888888888888,8.735905356586926,0.7549603174603174,0.30158730158730157,0.05952380952380952,0.10413115355955023,
parkour_new,02-new-terrain-distill,parkour_new/02-new-terrain-distill,15000,6,/home/zhangmingming/extreme-parkour-distill-nodelay/legged_gym/logs/sweep_evaluation/20260612_150259/parkour_new/02-new-terrain-distill/checkpoint_15000/repeat_6/depth_effective_15000.json,/home/zhangmingming/extreme-parkour-distill-nodelay/legged_gym/logs/sweep_evaluation/20260612_150259/parkour_new/02-new-terrain-distill/checkpoint_15000/repeat_6/depth_effective_15000.csv,0.6150793650793651,8.806534485684502,0.7648809523809523,0.31746031746031744,0.06349206349206349,0.10497158777692137,
parkour_new,02-new-terrain-distill,parkour_new/02-new-terrain-distill,15500,0,/home/zhangmingming/extreme-parkour-distill-nodelay/legged_gym/logs/sweep_evaluation/20260612_150259/parkour_new/02-new-terrain-distill/checkpoint_15500/repeat_0/depth_effective_15500.json,/home/zhangmingming/extreme-parkour-distill-nodelay/legged_gym/logs/sweep_evaluation/20260612_150259/parkour_new/02-new-terrain-distill/checkpoint_15500/repeat_0/depth_effective_15500.csv,0.5,7.69668590336565,0.6557539682539683,0.3968253968253968,0.10317460317460317,0.091914908305554,
parkour_new,02-new-terrain-distill,parkour_new/02-new-terrain-distill,15500,1,/home/zhangmingming/extreme-parkour-distill-nodelay/legged_gym/logs/sweep_evaluation/20260612_150259/parkour_new/02-new-terrain-distill/checkpoint_15500/repeat_1/depth_effective_15500.json,/home/zhangmingming/extreme-parkour-distill-nodelay/legged_gym/logs/sweep_evaluation/20260612_150259/parkour_new/02-new-terrain-distill/checkpoint_15500/repeat_1/depth_effective_15500.csv,0.5277777777777778,7.425123469460578,0.6646825396825397,0.38492063492063494,0.08333333333333333,0.0916487187088253,
parkour_new,02-new-terrain-distill,parkour_new/02-new-terrain-distill,15500,2,/home/zhangmingming/extreme-parkour-distill-nodelay/legged_gym/logs/sweep_evaluation/20260612_150259/parkour_new/02-new-terrain-distill/checkpoint_15500/repeat_2/depth_effective_15500.json,/home/zhangmingming/extreme-parkour-distill-nodelay/legged_gym/logs/sweep_evaluation/20260612_150259/parkour_new/02-new-terrain-distill/checkpoint_15500/repeat_2/depth_effective_15500.csv,0.5476190476190477,7.7409190909257015,0.6775793650793651,0.3611111111111111,0.09126984126984126,0.09734775160028812,
parkour_new,02-new-terrain-distill,parkour_new/02-new-terrain-distill,15500,3,/home/zhangmingming/extreme-parkour-distill-nodelay/legged_gym/logs/sweep_evaluation/20260612_150259/parkour_new/02-new-terrain-distill/checkpoint_15500/repeat_3/depth_effective_15500.json,/home/zhangmingming/extreme-parkour-distill-nodelay/legged_gym/logs/sweep_evaluation/20260612_150259/parkour_new/02-new-terrain-distill/checkpoint_15500/repeat_3/depth_effective_15500.csv,0.5396825396825397,8.102406384925994,0.6959325396825397,0.376984126984127,0.08333333333333333,0.09031547207849927,
parkour_new,02-new-terrain-distill,parkour_new/02-new-terrain-distill,15500,4,/home/zhangmingming/extreme-parkour-distill-nodelay/legged_gym/logs/sweep_evaluation/20260612_150259/parkour_new/02-new-terrain-distill/checkpoint_15500/repeat_4/depth_effective_15500.json,/home/zhangmingming/extreme-parkour-distill-nodelay/legged_gym/logs/sweep_evaluation/20260612_150259/parkour_new/02-new-terrain-distill/checkpoint_15500/repeat_4/depth_effective_15500.csv,0.5714285714285714,8.087038214008013,0.7078373015873016,0.34523809523809523,0.07539682539682539,0.11200256640577687,
parkour_new,02-new-terrain-distill,parkour_new/02-new-terrain-distill,15500,5,/home/zhangmingming/extreme-parkour-distill-nodelay/legged_gym/logs/sweep_evaluation/20260612_150259/parkour_new/02-new-terrain-distill/checkpoint_15500/repeat_5/depth_effective_15500.json,/home/zhangmingming/extreme-parkour-distill-nodelay/legged_gym/logs/sweep_evaluation/20260612_150259/parkour_new/02-new-terrain-distill/checkpoint_15500/repeat_5/depth_effective_15500.csv,0.5555555555555556,8.258749513162506,0.7053571428571429,0.3333333333333333,0.1111111111111111,0.09711562828084667,
parkour_new,02-new-terrain-distill,parkour_new/02-new-terrain-distill,15500,6,/home/zhangmingming/extreme-parkour-distill-nodelay/legged_gym/logs/sweep_evaluation/20260612_150259/parkour_new/02-new-terrain-distill/checkpoint_15500/repeat_6/depth_effective_15500.json,/home/zhangmingming/extreme-parkour-distill-nodelay/legged_gym/logs/sweep_evaluation/20260612_150259/parkour_new/02-new-terrain-distill/checkpoint_15500/repeat_6/depth_effective_15500.csv,0.5515873015873016,7.923203934752752,0.6805555555555556,0.3412698412698413,0.10714285714285714,0.09252495714002948,
parkour_new,02-new-terrain-distill,parkour_new/02-new-terrain-distill,16000,0,/home/zhangmingming/extreme-parkour-distill-nodelay/legged_gym/logs/sweep_evaluation/20260612_150259/parkour_new/02-new-terrain-distill/checkpoint_16000/repeat_0/depth_effective_16000.json,/home/zhangmingming/extreme-parkour-distill-nodelay/legged_gym/logs/sweep_evaluation/20260612_150259/parkour_new/02-new-terrain-distill/checkpoint_16000/repeat_0/depth_effective_16000.csv,0.6428571428571429,9.18352311589415,0.7817460317460317,0.3055555555555556,0.051587301587301584,0.09321383274519184,
parkour_new,02-new-terrain-distill,parkour_new/02-new-terrain-distill,16000,1,/home/zhangmingming/extreme-parkour-distill-nodelay/legged_gym/logs/sweep_evaluation/20260612_150259/parkour_new/02-new-terrain-distill/checkpoint_16000/repeat_1/depth_effective_16000.json,/home/zhangmingming/extreme-parkour-distill-nodelay/legged_gym/logs/sweep_evaluation/20260612_150259/parkour_new/02-new-terrain-distill/checkpoint_16000/repeat_1/depth_effective_16000.csv,0.6785714285714286,9.141356116485975,0.814484126984127,0.27380952380952384,0.047619047619047616,0.0786538768483227,
parkour_new,02-new-terrain-distill,parkour_new/02-new-terrain-distill,16000,2,/home/zhangmingming/extreme-parkour-distill-nodelay/legged_gym/logs/sweep_evaluation/20260612_150259/parkour_new/02-new-terrain-distill/checkpoint_16000/repeat_2/depth_effective_16000.json,/home/zhangmingming/extreme-parkour-distill-nodelay/legged_gym/logs/sweep_evaluation/20260612_150259/parkour_new/02-new-terrain-distill/checkpoint_16000/repeat_2/depth_effective_16000.csv,0.6666666666666666,8.973595818356863,0.7896825396825397,0.3055555555555556,0.01984126984126984,0.09681682535762412,
parkour_new,02-new-terrain-distill,parkour_new/02-new-terrain-distill,16000,3,/home/zhangmingming/extreme-parkour-distill-nodelay/legged_gym/logs/sweep_evaluation/20260612_150259/parkour_new/02-new-terrain-distill/checkpoint_16000/repeat_3/depth_effective_16000.json,/home/zhangmingming/extreme-parkour-distill-nodelay/legged_gym/logs/sweep_evaluation/20260612_150259/parkour_new/02-new-terrain-distill/checkpoint_16000/repeat_3/depth_effective_16000.csv,0.623015873015873,9.119143705755945,0.7698412698412699,0.3531746031746032,0.023809523809523808,0.08687162606753746,
parkour_new,02-new-terrain-distill,parkour_new/02-new-terrain-distill,16000,4,/home/zhangmingming/extreme-parkour-distill-nodelay/legged_gym/logs/sweep_evaluation/20260612_150259/parkour_new/02-new-terrain-distill/checkpoint_16000/repeat_4/depth_effective_16000.json,/home/zhangmingming/extreme-parkour-distill-nodelay/legged_gym/logs/sweep_evaluation/20260612_150259/parkour_new/02-new-terrain-distill/checkpoint_16000/repeat_4/depth_effective_16000.csv,0.7182539682539683,9.222663428102221,0.8174603174603174,0.26587301587301587,0.015873015873015872,0.1139713029896223,
parkour_new,02-new-terrain-distill,parkour_new/02-new-terrain-distill,16000,5,/home/zhangmingming/extreme-parkour-distill-nodelay/legged_gym/logs/sweep_evaluation/20260612_150259/parkour_new/02-new-terrain-distill/checkpoint_16000/repeat_5/depth_effective_16000.json,/home/zhangmingming/extreme-parkour-distill-nodelay/legged_gym/logs/sweep_evaluation/20260612_150259/parkour_new/02-new-terrain-distill/checkpoint_16000/repeat_5/depth_effective_16000.csv,0.6865079365079365,9.32671603678711,0.8035714285714286,0.27380952380952384,0.03571428571428571,0.08929601824916303,
parkour_new,02-new-terrain-distill,parkour_new/02-new-terrain-distill,16000,6,/home/zhangmingming/extreme-parkour-distill-nodelay/legged_gym/logs/sweep_evaluation/20260612_150259/parkour_new/02-new-terrain-distill/checkpoint_16000/repeat_6/depth_effective_16000.json,/home/zhangmingming/extreme-parkour-distill-nodelay/legged_gym/logs/sweep_evaluation/20260612_150259/parkour_new/02-new-terrain-distill/checkpoint_16000/repeat_6/depth_effective_16000.csv,0.7341269841269841,9.747694044359147,0.8442460317460317,0.23412698412698413,0.031746031746031744,0.08695393992451311,
parkour_new,02-new-terrain-distill,parkour_new/02-new-terrain-distill,16500,0,/home/zhangmingming/extreme-parkour-distill-nodelay/legged_gym/logs/sweep_evaluation/20260612_150259/parkour_new/02-new-terrain-distill/checkpoint_16500/repeat_0/depth_effective_16500.json,/home/zhangmingming/extreme-parkour-distill-nodelay/legged_gym/logs/sweep_evaluation/20260612_150259/parkour_new/02-new-terrain-distill/checkpoint_16500/repeat_0/depth_effective_16500.csv,0.5674603174603174,9.047590362410697,0.7559523809523809,0.34523809523809523,0.0873015873015873,0.10492753016721211,
parkour_new,02-new-terrain-distill,parkour_new/02-new-terrain-distill,16500,1,/home/zhangmingming/extreme-parkour-distill-nodelay/legged_gym/logs/sweep_evaluation/20260612_150259/parkour_new/02-new-terrain-distill/checkpoint_16500/repeat_1/depth_effective_16500.json,/home/zhangmingming/extreme-parkour-distill-nodelay/legged_gym/logs/sweep_evaluation/20260612_150259/parkour_new/02-new-terrain-distill/checkpoint_16500/repeat_1/depth_effective_16500.csv,0.5753968253968254,8.647427527204393,0.7579365079365079,0.3611111111111111,0.06349206349206349,0.09494770035920076,
parkour_new,02-new-terrain-distill,parkour_new/02-new-terrain-distill,16500,2,/home/zhangmingming/extreme-parkour-distill-nodelay/legged_gym/logs/sweep_evaluation/20260612_150259/parkour_new/02-new-terrain-distill/checkpoint_16500/repeat_2/depth_effective_16500.json,/home/zhangmingming/extreme-parkour-distill-nodelay/legged_gym/logs/sweep_evaluation/20260612_150259/parkour_new/02-new-terrain-distill/checkpoint_16500/repeat_2/depth_effective_16500.csv,0.626984126984127,8.790359759141529,0.7698412698412699,0.2976190476190476,0.07539682539682539,0.09672856270637717,
parkour_new,02-new-terrain-distill,parkour_new/02-new-terrain-distill,16500,3,/home/zhangmingming/extreme-parkour-distill-nodelay/legged_gym/logs/sweep_evaluation/20260612_150259/parkour_new/02-new-terrain-distill/checkpoint_16500/repeat_3/depth_effective_16500.json,/home/zhangmingming/extreme-parkour-distill-nodelay/legged_gym/logs/sweep_evaluation/20260612_150259/parkour_new/02-new-terrain-distill/checkpoint_16500/repeat_3/depth_effective_16500.csv,0.5952380952380952,9.086088758848962,0.7628968253968254,0.3373015873015873,0.06746031746031746,0.0888484492092773,
parkour_new,02-new-terrain-distill,parkour_new/02-new-terrain-distill,16500,4,/home/zhangmingming/extreme-parkour-distill-nodelay/legged_gym/logs/sweep_evaluation/20260612_150259/parkour_new/02-new-terrain-distill/checkpoint_16500/repeat_4/depth_effective_16500.json,/home/zhangmingming/extreme-parkour-distill-nodelay/legged_gym/logs/sweep_evaluation/20260612_150259/parkour_new/02-new-terrain-distill/checkpoint_16500/repeat_4/depth_effective_16500.csv,0.6587301587301587,9.170820672833731,0.8025793650793651,0.2976190476190476,0.03968253968253968,0.11420236208643289,
parkour_new,02-new-terrain-distill,parkour_new/02-new-terrain-distill,16500,5,/home/zhangmingming/extreme-parkour-distill-nodelay/legged_gym/logs/sweep_evaluation/20260612_150259/parkour_new/02-new-terrain-distill/checkpoint_16500/repeat_5/depth_effective_16500.json,/home/zhangmingming/extreme-parkour-distill-nodelay/legged_gym/logs/sweep_evaluation/20260612_150259/parkour_new/02-new-terrain-distill/checkpoint_16500/repeat_5/depth_effective_16500.csv,0.6111111111111112,8.75917716679119,0.7504960317460317,0.3055555555555556,0.07936507936507936,0.09825506986813538,
parkour_new,02-new-terrain-distill,parkour_new/02-new-terrain-distill,16500,6,/home/zhangmingming/extreme-parkour-distill-nodelay/legged_gym/logs/sweep_evaluation/20260612_150259/parkour_new/02-new-terrain-distill/checkpoint_16500/repeat_6/depth_effective_16500.json,/home/zhangmingming/extreme-parkour-distill-nodelay/legged_gym/logs/sweep_evaluation/20260612_150259/parkour_new/02-new-terrain-distill/checkpoint_16500/repeat_6/depth_effective_16500.csv,0.626984126984127,9.043441934718025,0.7718253968253969,0.29365079365079366,0.07936507936507936,0.09380337604301105,
parkour_new,02-new-terrain-distill,parkour_new/02-new-terrain-distill,17000,0,/home/zhangmingming/extreme-parkour-distill-nodelay/legged_gym/logs/sweep_evaluation/20260612_150259/parkour_new/02-new-terrain-distill/checkpoint_17000/repeat_0/depth_effective_17000.json,/home/zhangmingming/extreme-parkour-distill-nodelay/legged_gym/logs/sweep_evaluation/20260612_150259/parkour_new/02-new-terrain-distill/checkpoint_17000/repeat_0/depth_effective_17000.csv,0.5714285714285714,8.467237942985125,0.7093253968253969,0.376984126984127,0.051587301587301584,0.10537538331060706,
parkour_new,02-new-terrain-distill,parkour_new/02-new-terrain-distill,17000,1,/home/zhangmingming/extreme-parkour-distill-nodelay/legged_gym/logs/sweep_evaluation/20260612_150259/parkour_new/02-new-terrain-distill/checkpoint_17000/repeat_1/depth_effective_17000.json,/home/zhangmingming/extreme-parkour-distill-nodelay/legged_gym/logs/sweep_evaluation/20260612_150259/parkour_new/02-new-terrain-distill/checkpoint_17000/repeat_1/depth_effective_17000.csv,0.5793650793650794,8.144071341270493,0.7058531746031746,0.3888888888888889,0.027777777777777776,0.08847849322517275,
parkour_new,02-new-terrain-distill,parkour_new/02-new-terrain-distill,17000,2,/home/zhangmingming/extreme-parkour-distill-nodelay/legged_gym/logs/sweep_evaluation/20260612_150259/parkour_new/02-new-terrain-distill/checkpoint_17000/repeat_2/depth_effective_17000.json,/home/zhangmingming/extreme-parkour-distill-nodelay/legged_gym/logs/sweep_evaluation/20260612_150259/parkour_new/02-new-terrain-distill/checkpoint_17000/repeat_2/depth_effective_17000.csv,0.6190476190476191,8.45537750068165,0.7371031746031746,0.35714285714285715,0.01984126984126984,0.09180706364672554,
parkour_new,02-new-terrain-distill,parkour_new/02-new-terrain-distill,17000,3,/home/zhangmingming/extreme-parkour-distill-nodelay/legged_gym/logs/sweep_evaluation/20260612_150259/parkour_new/02-new-terrain-distill/checkpoint_17000/repeat_3/depth_effective_17000.json,/home/zhangmingming/extreme-parkour-distill-nodelay/legged_gym/logs/sweep_evaluation/20260612_150259/parkour_new/02-new-terrain-distill/checkpoint_17000/repeat_3/depth_effective_17000.csv,0.5753968253968254,8.59994289681079,0.720734126984127,0.4087301587301587,0.015873015873015872,0.10074903818172823,
parkour_new,02-new-terrain-distill,parkour_new/02-new-terrain-distill,17000,4,/home/zhangmingming/extreme-parkour-distill-nodelay/legged_gym/logs/sweep_evaluation/20260612_150259/parkour_new/02-new-terrain-distill/checkpoint_17000/repeat_4/depth_effective_17000.json,/home/zhangmingming/extreme-parkour-distill-nodelay/legged_gym/logs/sweep_evaluation/20260612_150259/parkour_new/02-new-terrain-distill/checkpoint_17000/repeat_4/depth_effective_17000.csv,0.6666666666666666,8.733580455183983,0.7663690476190477,0.30952380952380953,0.023809523809523808,0.11159298985214598,
parkour_new,02-new-terrain-distill,parkour_new/02-new-terrain-distill,17000,5,/home/zhangmingming/extreme-parkour-distill-nodelay/legged_gym/logs/sweep_evaluation/20260612_150259/parkour_new/02-new-terrain-distill/checkpoint_17000/repeat_5/depth_effective_17000.json,/home/zhangmingming/extreme-parkour-distill-nodelay/legged_gym/logs/sweep_evaluation/20260612_150259/parkour_new/02-new-terrain-distill/checkpoint_17000/repeat_5/depth_effective_17000.csv,0.6428571428571429,8.679714791121937,0.7405753968253969,0.3253968253968254,0.031746031746031744,0.10170651797347273,
parkour_new,02-new-terrain-distill,parkour_new/02-new-terrain-distill,17000,6,/home/zhangmingming/extreme-parkour-distill-nodelay/legged_gym/logs/sweep_evaluation/20260612_150259/parkour_new/02-new-terrain-distill/checkpoint_17000/repeat_6/depth_effective_17000.json,/home/zhangmingming/extreme-parkour-distill-nodelay/legged_gym/logs/sweep_evaluation/20260612_150259/parkour_new/02-new-terrain-distill/checkpoint_17000/repeat_6/depth_effective_17000.csv,0.6746031746031746,8.902786348783781,0.7728174603174603,0.30158730158730157,0.023809523809523808,0.0852063934953049,
parkour_new,02-new-terrain-distill,parkour_new/02-new-terrain-distill,17500,0,/home/zhangmingming/extreme-parkour-distill-nodelay/legged_gym/logs/sweep_evaluation/20260612_150259/parkour_new/02-new-terrain-distill/checkpoint_17500/repeat_0/depth_effective_17500.json,/home/zhangmingming/extreme-parkour-distill-nodelay/legged_gym/logs/sweep_evaluation/20260612_150259/parkour_new/02-new-terrain-distill/checkpoint_17500/repeat_0/depth_effective_17500.csv,0.6507936507936508,9.418532323269616,0.7956349206349206,0.2777777777777778,0.07142857142857142,0.08325253077887496,
parkour_new,02-new-terrain-distill,parkour_new/02-new-terrain-distill,17500,1,/home/zhangmingming/extreme-parkour-distill-nodelay/legged_gym/logs/sweep_evaluation/20260612_150259/parkour_new/02-new-terrain-distill/checkpoint_17500/repeat_1/depth_effective_17500.json,/home/zhangmingming/extreme-parkour-distill-nodelay/legged_gym/logs/sweep_evaluation/20260612_150259/parkour_new/02-new-terrain-distill/checkpoint_17500/repeat_1/depth_effective_17500.csv,0.7261904761904762,9.37426085912046,0.8358134920634921,0.23809523809523808,0.03571428571428571,0.09095190033909248,
parkour_new,02-new-terrain-distill,parkour_new/02-new-terrain-distill,17500,2,/home/zhangmingming/extreme-parkour-distill-nodelay/legged_gym/logs/sweep_evaluation/20260612_150259/parkour_new/02-new-terrain-distill/checkpoint_17500/repeat_2/depth_effective_17500.json,/home/zhangmingming/extreme-parkour-distill-nodelay/legged_gym/logs/sweep_evaluation/20260612_150259/parkour_new/02-new-terrain-distill/checkpoint_17500/repeat_2/depth_effective_17500.csv,0.6984126984126984,9.215319666834105,0.8194444444444444,0.2619047619047619,0.03968253968253968,0.10305521219872997,
parkour_new,02-new-terrain-distill,parkour_new/02-new-terrain-distill,17500,3,/home/zhangmingming/extreme-parkour-distill-nodelay/legged_gym/logs/sweep_evaluation/20260612_150259/parkour_new/02-new-terrain-distill/checkpoint_17500/repeat_3/depth_effective_17500.json,/home/zhangmingming/extreme-parkour-distill-nodelay/legged_gym/logs/sweep_evaluation/20260612_150259/parkour_new/02-new-terrain-distill/checkpoint_17500/repeat_3/depth_effective_17500.csv,0.6547619047619048,9.50103516711129,0.8040674603174603,0.30158730158730157,0.03968253968253968,0.08720354680455955,
parkour_new,02-new-terrain-distill,parkour_new/02-new-terrain-distill,17500,4,/home/zhangmingming/extreme-parkour-distill-nodelay/legged_gym/logs/sweep_evaluation/20260612_150259/parkour_new/02-new-terrain-distill/checkpoint_17500/repeat_4/depth_effective_17500.json,/home/zhangmingming/extreme-parkour-distill-nodelay/legged_gym/logs/sweep_evaluation/20260612_150259/parkour_new/02-new-terrain-distill/checkpoint_17500/repeat_4/depth_effective_17500.csv,0.6904761904761905,9.496847031371933,0.8303571428571429,0.26587301587301587,0.04365079365079365,0.1132028709485993,
parkour_new,02-new-terrain-distill,parkour_new/02-new-terrain-distill,17500,5,/home/zhangmingming/extreme-parkour-distill-nodelay/legged_gym/logs/sweep_evaluation/20260612_150259/parkour_new/02-new-terrain-distill/checkpoint_17500/repeat_5/depth_effective_17500.json,/home/zhangmingming/extreme-parkour-distill-nodelay/legged_gym/logs/sweep_evaluation/20260612_150259/parkour_new/02-new-terrain-distill/checkpoint_17500/repeat_5/depth_effective_17500.csv,0.6785714285714286,9.49362469003314,0.8154761904761905,0.2698412698412698,0.047619047619047616,0.09651791464818993,
parkour_new,02-new-terrain-distill,parkour_new/02-new-terrain-distill,17500,6,/home/zhangmingming/extreme-parkour-distill-nodelay/legged_gym/logs/sweep_evaluation/20260612_150259/parkour_new/02-new-terrain-distill/checkpoint_17500/repeat_6/depth_effective_17500.json,/home/zhangmingming/extreme-parkour-distill-nodelay/legged_gym/logs/sweep_evaluation/20260612_150259/parkour_new/02-new-terrain-distill/checkpoint_17500/repeat_6/depth_effective_17500.csv,0.7579365079365079,10.087154054925556,0.8735119047619048,0.21428571428571427,0.027777777777777776,0.0918618590430333,
parkour_new,02-new-terrain-distill,parkour_new/02-new-terrain-distill,18000,0,/home/zhangmingming/extreme-parkour-distill-nodelay/legged_gym/logs/sweep_evaluation/20260612_150259/parkour_new/02-new-terrain-distill/checkpoint_18000/repeat_0/depth_effective_18000.json,/home/zhangmingming/extreme-parkour-distill-nodelay/legged_gym/logs/sweep_evaluation/20260612_150259/parkour_new/02-new-terrain-distill/checkpoint_18000/repeat_0/depth_effective_18000.csv,0.5515873015873016,8.610309914700569,0.7232142857142857,0.36507936507936506,0.07936507936507936,0.0791130896357645,
parkour_new,02-new-terrain-distill,parkour_new/02-new-terrain-distill,18000,1,/home/zhangmingming/extreme-parkour-distill-nodelay/legged_gym/logs/sweep_evaluation/20260612_150259/parkour_new/02-new-terrain-distill/checkpoint_18000/repeat_1/depth_effective_18000.json,/home/zhangmingming/extreme-parkour-distill-nodelay/legged_gym/logs/sweep_evaluation/20260612_150259/parkour_new/02-new-terrain-distill/checkpoint_18000/repeat_1/depth_effective_18000.csv,0.6428571428571429,8.809410087172948,0.7767857142857143,0.30952380952380953,0.047619047619047616,0.08478809031036327,
parkour_new,02-new-terrain-distill,parkour_new/02-new-terrain-distill,18000,2,/home/zhangmingming/extreme-parkour-distill-nodelay/legged_gym/logs/sweep_evaluation/20260612_150259/parkour_new/02-new-terrain-distill/checkpoint_18000/repeat_2/depth_effective_18000.json,/home/zhangmingming/extreme-parkour-distill-nodelay/legged_gym/logs/sweep_evaluation/20260612_150259/parkour_new/02-new-terrain-distill/checkpoint_18000/repeat_2/depth_effective_18000.csv,0.623015873015873,8.554114374376478,0.7534722222222222,0.30952380952380953,0.06746031746031746,0.09003096419190101,
parkour_new,02-new-terrain-distill,parkour_new/02-new-terrain-distill,18000,3,/home/zhangmingming/extreme-parkour-distill-nodelay/legged_gym/logs/sweep_evaluation/20260612_150259/parkour_new/02-new-terrain-distill/checkpoint_18000/repeat_3/depth_effective_18000.json,/home/zhangmingming/extreme-parkour-distill-nodelay/legged_gym/logs/sweep_evaluation/20260612_150259/parkour_new/02-new-terrain-distill/checkpoint_18000/repeat_3/depth_effective_18000.csv,0.5753968253968254,8.64755104931574,0.7232142857142857,0.3611111111111111,0.06349206349206349,0.09173446262347056,
parkour_new,02-new-terrain-distill,parkour_new/02-new-terrain-distill,18000,4,/home/zhangmingming/extreme-parkour-distill-nodelay/legged_gym/logs/sweep_evaluation/20260612_150259/parkour_new/02-new-terrain-distill/checkpoint_18000/repeat_4/depth_effective_18000.json,/home/zhangmingming/extreme-parkour-distill-nodelay/legged_gym/logs/sweep_evaluation/20260612_150259/parkour_new/02-new-terrain-distill/checkpoint_18000/repeat_4/depth_effective_18000.csv,0.6150793650793651,8.758658893761181,0.7604166666666666,0.3333333333333333,0.051587301587301584,0.09729560884089557,
parkour_new,02-new-terrain-distill,parkour_new/02-new-terrain-distill,18000,5,/home/zhangmingming/extreme-parkour-distill-nodelay/legged_gym/logs/sweep_evaluation/20260612_150259/parkour_new/02-new-terrain-distill/checkpoint_18000/repeat_5/depth_effective_18000.json,/home/zhangmingming/extreme-parkour-distill-nodelay/legged_gym/logs/sweep_evaluation/20260612_150259/parkour_new/02-new-terrain-distill/checkpoint_18000/repeat_5/depth_effective_18000.csv,0.5952380952380952,8.540935612623654,0.7306547619047619,0.2976190476190476,0.10714285714285714,0.09494226729372743,
parkour_new,02-new-terrain-distill,parkour_new/02-new-terrain-distill,18000,6,/home/zhangmingming/extreme-parkour-distill-nodelay/legged_gym/logs/sweep_evaluation/20260612_150259/parkour_new/02-new-terrain-distill/checkpoint_18000/repeat_6/depth_effective_18000.json,/home/zhangmingming/extreme-parkour-distill-nodelay/legged_gym/logs/sweep_evaluation/20260612_150259/parkour_new/02-new-terrain-distill/checkpoint_18000/repeat_6/depth_effective_18000.csv,0.623015873015873,8.75921712129835,0.7514880952380952,0.3134920634920635,0.06349206349206349,0.08662254066941628,
parkour_new,02-new-terrain-distill,parkour_new/02-new-terrain-distill,18500,0,/home/zhangmingming/extreme-parkour-distill-nodelay/legged_gym/logs/sweep_evaluation/20260612_150259/parkour_new/02-new-terrain-distill/checkpoint_18500/repeat_0/depth_effective_18500.json,/home/zhangmingming/extreme-parkour-distill-nodelay/legged_gym/logs/sweep_evaluation/20260612_150259/parkour_new/02-new-terrain-distill/checkpoint_18500/repeat_0/depth_effective_18500.csv,0.6428571428571429,9.271475769461148,0.7797619047619048,0.2857142857142857,0.07142857142857142,0.07814220755406621,
parkour_new,02-new-terrain-distill,parkour_new/02-new-terrain-distill,18500,1,/home/zhangmingming/extreme-parkour-distill-nodelay/legged_gym/logs/sweep_evaluation/20260612_150259/parkour_new/02-new-terrain-distill/checkpoint_18500/repeat_1/depth_effective_18500.json,/home/zhangmingming/extreme-parkour-distill-nodelay/legged_gym/logs/sweep_evaluation/20260612_150259/parkour_new/02-new-terrain-distill/checkpoint_18500/repeat_1/depth_effective_18500.csv,0.6746031746031746,8.723310694098473,0.7837301587301587,0.3055555555555556,0.01984126984126984,0.08363924809793702,
parkour_new,02-new-terrain-distill,parkour_new/02-new-terrain-distill,18500,2,/home/zhangmingming/extreme-parkour-distill-nodelay/legged_gym/logs/sweep_evaluation/20260612_150259/parkour_new/02-new-terrain-distill/checkpoint_18500/repeat_2/depth_effective_18500.json,/home/zhangmingming/extreme-parkour-distill-nodelay/legged_gym/logs/sweep_evaluation/20260612_150259/parkour_new/02-new-terrain-distill/checkpoint_18500/repeat_2/depth_effective_18500.csv,0.6468253968253969,8.77310556599072,0.7733134920634921,0.32142857142857145,0.031746031746031744,0.08462129449532964,
parkour_new,02-new-terrain-distill,parkour_new/02-new-terrain-distill,18500,3,/home/zhangmingming/extreme-parkour-distill-nodelay/legged_gym/logs/sweep_evaluation/20260612_150259/parkour_new/02-new-terrain-distill/checkpoint_18500/repeat_3/depth_effective_18500.json,/home/zhangmingming/extreme-parkour-distill-nodelay/legged_gym/logs/sweep_evaluation/20260612_150259/parkour_new/02-new-terrain-distill/checkpoint_18500/repeat_3/depth_effective_18500.csv,0.6388888888888888,9.210001634699958,0.7827380952380952,0.32936507936507936,0.031746031746031744,0.07683433530688565,
parkour_new,02-new-terrain-distill,parkour_new/02-new-terrain-distill,18500,4,/home/zhangmingming/extreme-parkour-distill-nodelay/legged_gym/logs/sweep_evaluation/20260612_150259/parkour_new/02-new-terrain-distill/checkpoint_18500/repeat_4/depth_effective_18500.json,/home/zhangmingming/extreme-parkour-distill-nodelay/legged_gym/logs/sweep_evaluation/20260612_150259/parkour_new/02-new-terrain-distill/checkpoint_18500/repeat_4/depth_effective_18500.csv,0.6626984126984127,8.856681414066799,0.78125,0.3134920634920635,0.023809523809523808,0.09619442353521315,
parkour_new,02-new-terrain-distill,parkour_new/02-new-terrain-distill,18500,5,/home/zhangmingming/extreme-parkour-distill-nodelay/legged_gym/logs/sweep_evaluation/20260612_150259/parkour_new/02-new-terrain-distill/checkpoint_18500/repeat_5/depth_effective_18500.json,/home/zhangmingming/extreme-parkour-distill-nodelay/legged_gym/logs/sweep_evaluation/20260612_150259/parkour_new/02-new-terrain-distill/checkpoint_18500/repeat_5/depth_effective_18500.csv,0.6547619047619048,8.912464897310922,0.7703373015873016,0.28174603174603174,0.06349206349206349,0.07920804869763784,
parkour_new,02-new-terrain-distill,parkour_new/02-new-terrain-distill,18500,6,/home/zhangmingming/extreme-parkour-distill-nodelay/legged_gym/logs/sweep_evaluation/20260612_150259/parkour_new/02-new-terrain-distill/checkpoint_18500/repeat_6/depth_effective_18500.json,/home/zhangmingming/extreme-parkour-distill-nodelay/legged_gym/logs/sweep_evaluation/20260612_150259/parkour_new/02-new-terrain-distill/checkpoint_18500/repeat_6/depth_effective_18500.csv,0.7182539682539683,9.424589394103913,0.8174603174603174,0.2619047619047619,0.01984126984126984,0.0785038115954103,
parkour_new,02-new-terrain-distill,parkour_new/02-new-terrain-distill,19000,0,/home/zhangmingming/extreme-parkour-distill-nodelay/legged_gym/logs/sweep_evaluation/20260612_150259/parkour_new/02-new-terrain-distill/checkpoint_19000/repeat_0/depth_effective_19000.json,/home/zhangmingming/extreme-parkour-distill-nodelay/legged_gym/logs/sweep_evaluation/20260612_150259/parkour_new/02-new-terrain-distill/checkpoint_19000/repeat_0/depth_effective_19000.csv,0.5119047619047619,8.18513290678698,0.6939484126984127,0.4444444444444444,0.04365079365079365,0.10256610395653129,
parkour_new,02-new-terrain-distill,parkour_new/02-new-terrain-distill,19000,1,/home/zhangmingming/extreme-parkour-distill-nodelay/legged_gym/logs/sweep_evaluation/20260612_150259/parkour_new/02-new-terrain-distill/checkpoint_19000/repeat_1/depth_effective_19000.json,/home/zhangmingming/extreme-parkour-distill-nodelay/legged_gym/logs/sweep_evaluation/20260612_150259/parkour_new/02-new-terrain-distill/checkpoint_19000/repeat_1/depth_effective_19000.csv,0.5198412698412699,7.644654537004138,0.6830357142857143,0.39285714285714285,0.08333333333333333,0.08958275147718385,
parkour_new,02-new-terrain-distill,parkour_new/02-new-terrain-distill,19000,2,/home/zhangmingming/extreme-parkour-distill-nodelay/legged_gym/logs/sweep_evaluation/20260612_150259/parkour_new/02-new-terrain-distill/checkpoint_19000/repeat_2/depth_effective_19000.json,/home/zhangmingming/extreme-parkour-distill-nodelay/legged_gym/logs/sweep_evaluation/20260612_150259/parkour_new/02-new-terrain-distill/checkpoint_19000/repeat_2/depth_effective_19000.csv,0.6150793650793651,8.434878947242858,0.7470238095238095,0.34523809523809523,0.03968253968253968,0.09154196655312002,
parkour_new,02-new-terrain-distill,parkour_new/02-new-terrain-distill,19000,3,/home/zhangmingming/extreme-parkour-distill-nodelay/legged_gym/logs/sweep_evaluation/20260612_150259/parkour_new/02-new-terrain-distill/checkpoint_19000/repeat_3/depth_effective_19000.json,/home/zhangmingming/extreme-parkour-distill-nodelay/legged_gym/logs/sweep_evaluation/20260612_150259/parkour_new/02-new-terrain-distill/checkpoint_19000/repeat_3/depth_effective_19000.csv,0.5793650793650794,8.387110597794019,0.7271825396825397,0.3253968253968254,0.09523809523809523,0.09339672881054291,
parkour_new,02-new-terrain-distill,parkour_new/02-new-terrain-distill,19000,4,/home/zhangmingming/extreme-parkour-distill-nodelay/legged_gym/logs/sweep_evaluation/20260612_150259/parkour_new/02-new-terrain-distill/checkpoint_19000/repeat_4/depth_effective_19000.json,/home/zhangmingming/extreme-parkour-distill-nodelay/legged_gym/logs/sweep_evaluation/20260612_150259/parkour_new/02-new-terrain-distill/checkpoint_19000/repeat_4/depth_effective_19000.csv,0.6150793650793651,8.881883966071266,0.7738095238095238,0.30158730158730157,0.08333333333333333,0.12094246811556544,
parkour_new,02-new-terrain-distill,parkour_new/02-new-terrain-distill,19000,5,/home/zhangmingming/extreme-parkour-distill-nodelay/legged_gym/logs/sweep_evaluation/20260612_150259/parkour_new/02-new-terrain-distill/checkpoint_19000/repeat_5/depth_effective_19000.json,/home/zhangmingming/extreme-parkour-distill-nodelay/legged_gym/logs/sweep_evaluation/20260612_150259/parkour_new/02-new-terrain-distill/checkpoint_19000/repeat_5/depth_effective_19000.csv,0.5912698412698413,8.538243538803524,0.7311507936507936,0.32142857142857145,0.0873015873015873,0.08767476165290417,
parkour_new,02-new-terrain-distill,parkour_new/02-new-terrain-distill,19000,6,/home/zhangmingming/extreme-parkour-distill-nodelay/legged_gym/logs/sweep_evaluation/20260612_150259/parkour_new/02-new-terrain-distill/checkpoint_19000/repeat_6/depth_effective_19000.json,/home/zhangmingming/extreme-parkour-distill-nodelay/legged_gym/logs/sweep_evaluation/20260612_150259/parkour_new/02-new-terrain-distill/checkpoint_19000/repeat_6/depth_effective_19000.csv,0.6507936507936508,8.973072385504132,0.7752976190476191,0.30158730158730157,0.04365079365079365,0.09457574157457382,
parkour_new,02-new-terrain-distill,parkour_new/02-new-terrain-distill,19500,0,/home/zhangmingming/extreme-parkour-distill-nodelay/legged_gym/logs/sweep_evaluation/20260612_150259/parkour_new/02-new-terrain-distill/checkpoint_19500/repeat_0/depth_effective_19500.json,/home/zhangmingming/extreme-parkour-distill-nodelay/legged_gym/logs/sweep_evaluation/20260612_150259/parkour_new/02-new-terrain-distill/checkpoint_19500/repeat_0/depth_effective_19500.csv,0.5793650793650794,9.13198803601757,0.7638888888888888,0.36507936507936506,0.05555555555555555,0.09775129879713133,
parkour_new,02-new-terrain-distill,parkour_new/02-new-terrain-distill,19500,1,/home/zhangmingming/extreme-parkour-distill-nodelay/legged_gym/logs/sweep_evaluation/20260612_150259/parkour_new/02-new-terrain-distill/checkpoint_19500/repeat_1/depth_effective_19500.json,/home/zhangmingming/extreme-parkour-distill-nodelay/legged_gym/logs/sweep_evaluation/20260612_150259/parkour_new/02-new-terrain-distill/checkpoint_19500/repeat_1/depth_effective_19500.csv,0.5555555555555556,8.527313205221343,0.7490079365079365,0.376984126984127,0.06746031746031746,0.10519280730527801,
parkour_new,02-new-terrain-distill,parkour_new/02-new-terrain-distill,19500,2,/home/zhangmingming/extreme-parkour-distill-nodelay/legged_gym/logs/sweep_evaluation/20260612_150259/parkour_new/02-new-terrain-distill/checkpoint_19500/repeat_2/depth_effective_19500.json,/home/zhangmingming/extreme-parkour-distill-nodelay/legged_gym/logs/sweep_evaluation/20260612_150259/parkour_new/02-new-terrain-distill/checkpoint_19500/repeat_2/depth_effective_19500.csv,0.5873015873015873,8.74070210447387,0.7643849206349206,0.36507936507936506,0.047619047619047616,0.10317412362162243,
parkour_new,02-new-terrain-distill,parkour_new/02-new-terrain-distill,19500,3,/home/zhangmingming/extreme-parkour-distill-nodelay/legged_gym/logs/sweep_evaluation/20260612_150259/parkour_new/02-new-terrain-distill/checkpoint_19500/repeat_3/depth_effective_19500.json,/home/zhangmingming/extreme-parkour-distill-nodelay/legged_gym/logs/sweep_evaluation/20260612_150259/parkour_new/02-new-terrain-distill/checkpoint_19500/repeat_3/depth_effective_19500.csv,0.5595238095238095,8.801524765434719,0.7425595238095238,0.35714285714285715,0.08333333333333333,0.09330516138457867,
parkour_new,02-new-terrain-distill,parkour_new/02-new-terrain-distill,19500,4,/home/zhangmingming/extreme-parkour-distill-nodelay/legged_gym/logs/sweep_evaluation/20260612_150259/parkour_new/02-new-terrain-distill/checkpoint_19500/repeat_4/depth_effective_19500.json,/home/zhangmingming/extreme-parkour-distill-nodelay/legged_gym/logs/sweep_evaluation/20260612_150259/parkour_new/02-new-terrain-distill/checkpoint_19500/repeat_4/depth_effective_19500.csv,0.5833333333333334,8.749530890158244,0.7594246031746031,0.3253968253968254,0.09126984126984126,0.12971012507469018,
parkour_new,02-new-terrain-distill,parkour_new/02-new-terrain-distill,19500,5,/home/zhangmingming/extreme-parkour-distill-nodelay/legged_gym/logs/sweep_evaluation/20260612_150259/parkour_new/02-new-terrain-distill/checkpoint_19500/repeat_5/depth_effective_19500.json,/home/zhangmingming/extreme-parkour-distill-nodelay/legged_gym/logs/sweep_evaluation/20260612_150259/parkour_new/02-new-terrain-distill/checkpoint_19500/repeat_5/depth_effective_19500.csv,0.5992063492063492,8.943144890997145,0.7614087301587301,0.30158730158730157,0.0992063492063492,0.11069754348109052,
parkour_new,02-new-terrain-distill,parkour_new/02-new-terrain-distill,19500,6,/home/zhangmingming/extreme-parkour-distill-nodelay/legged_gym/logs/sweep_evaluation/20260612_150259/parkour_new/02-new-terrain-distill/checkpoint_19500/repeat_6/depth_effective_19500.json,/home/zhangmingming/extreme-parkour-distill-nodelay/legged_gym/logs/sweep_evaluation/20260612_150259/parkour_new/02-new-terrain-distill/checkpoint_19500/repeat_6/depth_effective_19500.csv,0.6309523809523809,9.13296967177164,0.7748015873015873,0.3253968253968254,0.04365079365079365,0.11166788221804906,
parkour_new,02-new-terrain-distill,parkour_new/02-new-terrain-distill,20000,0,/home/zhangmingming/extreme-parkour-distill-nodelay/legged_gym/logs/sweep_evaluation/20260612_150259/parkour_new/02-new-terrain-distill/checkpoint_20000/repeat_0/depth_effective_20000.json,/home/zhangmingming/extreme-parkour-distill-nodelay/legged_gym/logs/sweep_evaluation/20260612_150259/parkour_new/02-new-terrain-distill/checkpoint_20000/repeat_0/depth_effective_20000.csv,0.6865079365079365,9.759873197428764,0.8268849206349206,0.2619047619047619,0.051587301587301584,0.11409923781449322,
parkour_new,02-new-terrain-distill,parkour_new/02-new-terrain-distill,20000,1,/home/zhangmingming/extreme-parkour-distill-nodelay/legged_gym/logs/sweep_evaluation/20260612_150259/parkour_new/02-new-terrain-distill/checkpoint_20000/repeat_1/depth_effective_20000.json,/home/zhangmingming/extreme-parkour-distill-nodelay/legged_gym/logs/sweep_evaluation/20260612_150259/parkour_new/02-new-terrain-distill/checkpoint_20000/repeat_1/depth_effective_20000.csv,0.7380952380952381,9.73895117995285,0.8630952380952381,0.24603174603174602,0.015873015873015872,0.10166147460613272,
parkour_new,02-new-terrain-distill,parkour_new/02-new-terrain-distill,20000,2,/home/zhangmingming/extreme-parkour-distill-nodelay/legged_gym/logs/sweep_evaluation/20260612_150259/parkour_new/02-new-terrain-distill/checkpoint_20000/repeat_2/depth_effective_20000.json,/home/zhangmingming/extreme-parkour-distill-nodelay/legged_gym/logs/sweep_evaluation/20260612_150259/parkour_new/02-new-terrain-distill/checkpoint_20000/repeat_2/depth_effective_20000.csv,0.7142857142857143,9.410292022285008,0.8333333333333334,0.25793650793650796,0.027777777777777776,0.11843991171815664,
parkour_new,02-new-terrain-distill,parkour_new/02-new-terrain-distill,20000,3,/home/zhangmingming/extreme-parkour-distill-nodelay/legged_gym/logs/sweep_evaluation/20260612_150259/parkour_new/02-new-terrain-distill/checkpoint_20000/repeat_3/depth_effective_20000.json,/home/zhangmingming/extreme-parkour-distill-nodelay/legged_gym/logs/sweep_evaluation/20260612_150259/parkour_new/02-new-terrain-distill/checkpoint_20000/repeat_3/depth_effective_20000.csv,0.6984126984126984,9.939326309258975,0.8467261904761905,0.27380952380952384,0.027777777777777776,0.10488205497777855,
parkour_new,02-new-terrain-distill,parkour_new/02-new-terrain-distill,20000,4,/home/zhangmingming/extreme-parkour-distill-nodelay/legged_gym/logs/sweep_evaluation/20260612_150259/parkour_new/02-new-terrain-distill/checkpoint_20000/repeat_4/depth_effective_20000.json,/home/zhangmingming/extreme-parkour-distill-nodelay/legged_gym/logs/sweep_evaluation/20260612_150259/parkour_new/02-new-terrain-distill/checkpoint_20000/repeat_4/depth_effective_20000.csv,0.7420634920634921,9.921346024861412,0.8650793650793651,0.2261904761904762,0.031746031746031744,0.11848703018627293,
parkour_new,02-new-terrain-distill,parkour_new/02-new-terrain-distill,20000,5,/home/zhangmingming/extreme-parkour-distill-nodelay/legged_gym/logs/sweep_evaluation/20260612_150259/parkour_new/02-new-terrain-distill/checkpoint_20000/repeat_5/depth_effective_20000.json,/home/zhangmingming/extreme-parkour-distill-nodelay/legged_gym/logs/sweep_evaluation/20260612_150259/parkour_new/02-new-terrain-distill/checkpoint_20000/repeat_5/depth_effective_20000.csv,0.7261904761904762,9.64439322976839,0.8377976190476191,0.24603174603174602,0.027777777777777776,0.10594638655647885,
parkour_new,02-new-terrain-distill,parkour_new/02-new-terrain-distill,20000,6,/home/zhangmingming/extreme-parkour-distill-nodelay/legged_gym/logs/sweep_evaluation/20260612_150259/parkour_new/02-new-terrain-distill/checkpoint_20000/repeat_6/depth_effective_20000.json,/home/zhangmingming/extreme-parkour-distill-nodelay/legged_gym/logs/sweep_evaluation/20260612_150259/parkour_new/02-new-terrain-distill/checkpoint_20000/repeat_6/depth_effective_20000.csv,0.753968253968254,9.803934703980174,0.8551587301587301,0.23015873015873015,0.015873015873015872,0.10285872888747283,
